_id,name,email,class,dob
625faf62825dee6254f05526,1,"Eldon Base for stackable storage shelf, platinum","Muhammed MacIntyre",3
625faf62825dee6254f05527,2,"1.7 Cubic Foot Compact ""Cube"" Office Refrigerators","Barry French",293
625faf62825dee6254f05528,3,"Cardinal Slant-D� Ring Binder, Heavy Gauge Vinyl","Barry French",293
625faf62825dee6254f05529,4,R380,"Clay Rozendal",483
625faf62825dee6254f0552a,5,"Holmes HEPA Air Purifier","Carlos Soltero",515
625faf62825dee6254f0552b,6,"G.E. Longer-Life Indoor Recessed Floodlight Bulbs","Carlos Soltero",515
625faf62825dee6254f0552c,7,"Angle-D Binders with Locking Rings, Label Holders","Carl Jackson",613
625faf62825dee6254f0552d,8,"SAFCO Mobile Desk Side File, Wire Frame","Carl Jackson",613
625faf62825dee6254f0552e,9,"SAFCO Commercial Wire Shelving, Black","Monica Federle",643
625faf62825dee6254f0552f,10,"Xerox 198","Dorothy Badders",678
625faf62825dee6254f05530,11,"Xerox 1980","Neola Schneider",807
625faf62825dee6254f05531,12,"Advantus Map Pennant Flags and Round Head Tacks","Neola Schneider",807
625faf62825dee6254f05532,13,"Holmes HEPA Air Purifier","Carlos Daly",868
625faf62825dee6254f05533,14,"DS/HD IBM Formatted Diskettes, 200/Pack - Staples","Carlos Daly",868
625faf62825dee6254f05534,15,"Wilson Jones 1"" Hanging DublLock� Ring Binders","Claudia Miner",933
625faf62825dee6254f05535,16,"Ultra Commercial Grade Dual Valve Door Closer","Neola Schneider",995
625faf62825dee6254f05536,17,"#10-4 1/8"" x 9 1/2"" Premium Diagonal Seam Envelopes","Allen Rosenblatt",998
625faf62825dee6254f05537,18,"Hon 4-Shelf Metal Bookcases","Sylvia Foulston",1154
625faf62825dee6254f05538,19,"Lesro Sheffield Collection Coffee Table, End Table, Center Table, Corner Table","Sylvia Foulston",1154
625faf62825dee6254f05539,20,g520,"Jim Radford",1344
625faf62825dee6254f0553a,21,"LX 788","Jim Radford",1344
625faf62825dee6254f0553b,22,"Avery 52","Carlos Soltero",1412
625faf62825dee6254f0553c,23,"Plymouth Boxed Rubber Bands by Plymouth","Carlos Soltero",1412
625faf62825dee6254f0553d,24,"GBC Pre-Punched Binding Paper, Plastic, White, 8-1/2"" x 11""","Carl Ludwig",1539
625faf62825dee6254f0553e,25,"Maxell 3.5"" DS/HD IBM-Formatted Diskettes, 10/Pack","Carl Ludwig",1539
625faf62825dee6254f0553f,26,"Newell 335","Don Miller",1540
625faf62825dee6254f05540,27,"SANFORD Liquid Accent� Tank-Style Highlighters","Annie Cyprus",1702
625faf62825dee6254f05541,28,"Canon PC940 Copier","Carl Ludwig",1761
625faf62825dee6254f05542,29,"Tenex Personal Project File with Scoop Front Design, Black","Carlos Soltero",1792
625faf62825dee6254f05543,30,"Col-Erase� Pencils with Erasers","Grant Carroll",2275
625faf62825dee6254f05544,31,"Imation 3.5"" DS/HD IBM Formatted Diskettes, 10/Pack","Don Miller",2277
625faf62825dee6254f05545,32,"White Dual Perf Computer Printout Paper, 2700 Sheets, 1 Part, Heavyweight, 20 lbs., 14 7/8 x 11","Don Miller",2277
625faf62825dee6254f05546,33,"Self-Adhesive Address Labels for Typewriters by Universal","Alan Barnes",2532
625faf62825dee6254f05547,34,Accessory37,"Alan Barnes",2532
625faf62825dee6254f05548,35,"Fuji 5.2GB DVD-RAM","Jack Garza",2631
625faf62825dee6254f05549,36,"Bevis Steel Folding Chairs","Julia West",2757
625faf62825dee6254f0554a,37,"Avery Binder Labels","Eugene Barchas",2791
625faf62825dee6254f0554b,38,"Hon Every-Day� Chair Series Swivel Task Chairs","Eugene Barchas",2791
625faf62825dee6254f0554c,39,"IBM Multi-Purpose Copy Paper, 8 1/2 x 11"", Case","Eugene Barchas",2791
625faf62825dee6254f0554d,40,"Global Troy� Executive Leather Low-Back Tilter","Edward Hooks",2976
625faf62825dee6254f0554e,41,"XtraLife� ClearVue� Slant-D� Ring Binders by Cardinal","Brad Eason",3232
625faf62825dee6254f0554f,42,"Computer Printout Paper with Letter-Trim Perforations","Nicole Hansen",3524
625faf62825dee6254f05550,43,6160,"Dorothy Wardle",3908
625faf62825dee6254f05551,44,"Avery 49","Aaron Bergman",4132
625faf62825dee6254f05552,45,"Hoover Portapower� Portable Vacuum","Jim Radford",4612
625faf62825dee6254f05553,46,"Timeport L7089","Annie Cyprus",4676
625faf62825dee6254f05554,47,"Avery 510","Annie Cyprus",4676
625faf62825dee6254f05555,48,"Xerox 1881","Annie Cyprus",4676
625faf62825dee6254f05556,49,"LX 788","Annie Cyprus",4676
625faf62825dee6254f05557,50,"Cardinal Slant-D� Ring Binder, Heavy Gauge Vinyl","Annie Cyprus",5284
625faf62825dee6254f05558,51,"Memorex 4.7GB DVD-RAM, 3/Pack","Clay Rozendal",5316
625faf62825dee6254f05559,52,"Unpadded Memo Slips","Don Jones",5409
625faf62825dee6254f0555a,53,"Adams Telephone Message Book W/Dividers/Space For Phone Numbers, 5 1/4""X8 1/2"", 300/Messages","Beth Thompson",5506
625faf62825dee6254f0555b,54,"Eldon Expressions� Desk Accessory, Wood Pencil Holder, Oak","Frank Price",5569
625faf62825dee6254f0555c,55,"Bell Sonecor JB700 Caller ID","Michelle Lonsdale",5607
625faf62825dee6254f0555d,56,"Avery Arch Ring Binders","Ann Chong",5894
625faf62825dee6254f0555e,57,"APC 7 Outlet Network SurgeArrest Surge Protector","Ann Chong",5894
625faf62825dee6254f0555f,58,"Deflect-o RollaMat Studded, Beveled Mat for Medium Pile Carpeting","Joy Bell",5925
625faf62825dee6254f05560,59,Accessory4,"Joy Bell",5925
625faf62825dee6254f05561,60,"Personal Creations� Ink Jet Cards and Labels","Skye Norling",6016
625faf62825dee6254f05562,61,"High Speed Automatic Electric Letter Opener","Barry Weirich",6116
625faf62825dee6254f05563,62,"Xerox 1966","Grant Carroll",6182
625faf62825dee6254f05564,63,"Xerox 213","Grant Carroll",6182
625faf62825dee6254f05565,64,"Boston Electric Pencil Sharpener, Model 1818, Charcoal Black","Adrian Hane",6535
625faf62825dee6254f05566,65,"Hammermill CopyPlus Copy Paper (20Lb. and 84 Bright)","Skye Norling",6884
625faf62825dee6254f05567,66,"Telephone Message Books with Fax/Mobile Section, 5 1/2"" x 3 3/16""","Skye Norling",6884
625faf62825dee6254f05568,67,Crate-A-Files�,"Andrew Gjertsen",6916
625faf62825dee6254f05569,68,"Angle-D Binders with Locking Rings, Label Holders","Ralph Knight",6980
625faf62825dee6254f0556a,69,"80 Minute CD-R Spindle, 100/Pack - Staples","Dorothy Wardle",6982
625faf62825dee6254f0556b,70,"Bush Westfield Collection Bookcases, Dark Cherry Finish, Fully Assembled","Dorothy Wardle",6982
625faf62825dee6254f0556c,71,"12-1/2 Diameter Round Wall Clock","Dorothy Wardle",6982
625faf62825dee6254f0556d,72,"SAFCO Arco Folding Chair","Grant Carroll",7110
625faf62825dee6254f0556e,73,"#10 White Business Envelopes,4 1/8 x 9 1/2","Barry Weirich",7430
625faf62825dee6254f0556f,74,"3M Office Air Cleaner","Beth Paige",7906
625faf62825dee6254f05570,75,"Global Leather and Oak Executive Chair, Black","Sylvia Foulston",8391
625faf62825dee6254f05571,76,"Xerox 1936","Nicole Hansen",8419
625faf62825dee6254f05572,77,"Xerox 214","Nicole Hansen",8419
625faf62825dee6254f05573,78,"Carina Double Wide Media Storage Towers in Natural & Black","Nicole Hansen",8833
625faf62825dee6254f05574,79,"Staples� General Use 3-Ring Binders","Beth Paige",8995
625faf62825dee6254f05575,80,"Xerox 1904","Beth Paige",8995
625faf62825dee6254f05576,81,"Luxo Professional Combination Clamp-On Lamps","Beth Paige",8995
625faf62825dee6254f05577,82,"Xerox 217","Beth Paige",8995
625faf62825dee6254f05578,83,"Revere Boxed Rubber Bands by Revere","Beth Paige",8995
625faf62825dee6254f05579,84,"Acco Smartsocket� Table Surge Protector, 6 Color-Coded Adapter Outlets","Sylvia Foulston",9126
625faf62825dee6254f0557a,85,"Tennsco Snap-Together Open Shelving Units, Starter Sets and Add-On Units","Bryan Davis",9127
625faf62825dee6254f0557b,86,"Hon 4070 Series Pagoda� Round Back Stacking Chairs","Joy Bell",9509
625faf62825dee6254f0557c,87,"Xerox 1887","Joy Bell",9509
625faf62825dee6254f0557d,88,"Xerox 1891","Joy Bell",9509
625faf62825dee6254f0557e,89,"Avery 506","Alan Barnes",9763
625faf62825dee6254f0557f,90,"Bush Heritage Pine Collection 5-Shelf Bookcase, Albany Pine Finish, *Special Order","Grant Carroll",9927
625faf62825dee6254f05580,91,"Lifetime Advantage� Folding Chairs, 4/Carton","Grant Carroll",9927
625faf62825dee6254f05581,92,"Microsoft Natural Multimedia Keyboard","Grant Carroll",9927
625faf62825dee6254f05582,93,"Staples Wirebound Steno Books, 6"" x 9"", 12/Pack","Delfina Latchford",10022
625faf62825dee6254f05583,94,"GBC Pre-Punched Binding Paper, Plastic, White, 8-1/2"" x 11""","Don Jones",10437
625faf62825dee6254f05584,95,"Bevis Boat-Shaped Conference Table","Doug Bickford",10499
625faf62825dee6254f05585,96,"Linden� 12"" Wall Clock With Oak Frame","Doug Bickford",10535
625faf62825dee6254f05586,97,"Newell 326","Doug Bickford",10535
625faf62825dee6254f05587,98,"Prismacolor Color Pencil Set","Jamie Kunitz",10789
625faf62825dee6254f05588,99,"Xerox Blank Computer Paper","Anthony Johnson",10791
625faf62825dee6254f05589,100,"600 Series Flip","Ralph Knight",10945
625faf62825dee6254f0558a,101,"Fellowes Recycled Storage Drawers","Allen Rosenblatt",11137
625faf62825dee6254f0558b,102,"Satellite Sectional Post Binders","Barry Weirich",11202
625faf62825dee6254f0558c,103,"Deflect-o DuraMat Antistatic Studded Beveled Mat for Medium Pile Carpeting","Doug Bickford",11456
625faf62825dee6254f0558d,104,"Avery 487","Carl Jackson",11460
625faf62825dee6254f0558e,105,"Bevis Round Conference Table Top & Single Column Base","Brendan Dodson",11495
625faf62825dee6254f0558f,106,"GBC Twin Loop� Wire Binding Elements, 9/16"" Spine, Black","Edward Hooks",11911
625faf62825dee6254f05590,107,"Hanging Personal Folder File","Jamie Kunitz",11941
625faf62825dee6254f05591,108,"Bevis Round Conference Table Top, X-Base","Jamie Kunitz",11941
625faf62825dee6254f05592,109,5125,"Michelle Lonsdale",12096
625faf62825dee6254f05593,110,"Electrix Halogen Magnifier Lamp","Michelle Lonsdale",12096
625faf62825dee6254f05594,111,"Canon BP1200DH 12-Digit Bubble Jet Printing Calculator","Brendan Dodson",12289
625faf62825dee6254f05595,112,"Fellowes Black Plastic Comb Bindings","Hunter Glantz",12352
625faf62825dee6254f05596,113,"Polycom ViewStation� Adapter H323 Videoconferencing Unit","Sylvia Foulston",12419
625faf62825dee6254f05597,114,"Hon GuestStacker Chair","Eugene Barchas",12485
625faf62825dee6254f05598,115,"Eldon� Wave Desk Accessories","Jim Radford",12544
625faf62825dee6254f05599,116,"Sharp AL-1530CS Digital Copier","Carlos Soltero",12704
625faf62825dee6254f0559a,117,"Tennsco Lockers, Gray","Carlos Soltero",12704
625faf62825dee6254f0559b,118,"Avery 4027 File Folder Labels for Dot Matrix Printers, 5000 Labels per Box, White","Carlos Soltero",12771
625faf62825dee6254f0559c,119,"Newell 323","Carlos Soltero",12771
625faf62825dee6254f0559d,120,"Global Enterprise Series Seating High-Back Swivel/Tilt Chairs","Jim Radford",12929
625faf62825dee6254f0559e,121,"Spiral Phone Message Books with Labels by Adams","Jim Radford",12929
625faf62825dee6254f0559f,122,Crate-A-Files�,"Grant Carroll",13280
625faf62825dee6254f055a0,123,"Bell Sonecor JB700 Caller ID","Grant Carroll",13280
625faf62825dee6254f055a1,124,"Holmes 99% HEPA Air Purifier","Skye Norling",13313
625faf62825dee6254f055a2,125,"Xerox 224","Doug Bickford",13346
625faf62825dee6254f055a3,126,"Xerox 1906","Grant Carroll",13702
625faf62825dee6254f055a4,127,"GBC Pre-Punched Binding Paper, Plastic, White, 8-1/2"" x 11""","Muhammed MacIntyre",13795
625faf62825dee6254f055a5,128,"Xerox 188","Muhammed MacIntyre",13795
625faf62825dee6254f055a6,129,"Xerox 1932","Muhammed MacIntyre",13795
625faf62825dee6254f055a7,130,"GBC Linen Binding Covers","Doug Bickford",14116
625faf62825dee6254f055a8,131,"GBC Recycled Grain Textured Covers","Doug Bickford",14116
625faf62825dee6254f055a9,132,"Sauder Facets Collection Library, Sky Alder Finish","Beth Thompson",14372
625faf62825dee6254f055aa,133,"Fellowes Basic 104-Key Keyboard, Platinum","Ralph Knight",14726
625faf62825dee6254f055ab,134,"Kensington 7 Outlet MasterPiece Power Center with Fax/Phone Line Protection","Carl Jackson",14819
625faf62825dee6254f055ac,135,"O'Sullivan 3-Shelf Heavy-Duty Bookcases","Carl Jackson",14819
625faf62825dee6254f055ad,136,"G.E. Longer-Life Indoor Recessed Floodlight Bulbs","Dorothy Badders",15106
625faf62825dee6254f055ae,137,"Panasonic KX-P1150 Dot Matrix Printer","Dorothy Badders",15106
625faf62825dee6254f055af,138,"Newell 327","Dorothy Badders",15106
625faf62825dee6254f055b0,139,"Xerox 1893","Delfina Latchford",15108
625faf62825dee6254f055b1,140,"Hon Deluxe Fabric Upholstered Stacking Chairs, Rounded Back","Julia West",15205
625faf62825dee6254f055b2,141,"Eldon Radial Chair Mat for Low to Medium Pile Carpets","Julia West",15205
625faf62825dee6254f055b3,142,"DAX Copper Panel Document Frame, 5 x 7 Size","Brad Eason",15591
625faf62825dee6254f055b4,143,"O'Sullivan 2-Shelf Heavy-Duty Bookcases","Thomas Seio",15907
625faf62825dee6254f055b5,144,"Tenex 46"" x 60"" Computer Anti-Static Chairmat, Rectangular Shaped","Thomas Seio",15907
625faf62825dee6254f055b6,145,"Wirebound Message Books, 2 7/8"" x 5"", 3 Forms per Page","Thomas Seio",15907
625faf62825dee6254f055b7,146,"Memorex Slim 80 Minute CD-R, 10/Pack","Monica Federle",15937
625faf62825dee6254f055b8,147,"Aluminum Document Frame","Monica Federle",15937
625faf62825dee6254f055b9,148,"Memorex 80 Minute CD-R Spindle, 100/Pack","Michelle Lonsdale",16039
625faf62825dee6254f055ba,149,"Multi-Use Personal File Cart and Caster Set, Three Stacking Bins","Frank Price",16193
625faf62825dee6254f055bb,150,Accessory36,"Frank Price",16193
625faf62825dee6254f055bc,151,"Xerox 20","Bryan Davis",16423
625faf62825dee6254f055bd,152,"Surelock� Post Binders","Don Jones",16451
625faf62825dee6254f055be,153,"Colorific� Watercolor Pencils","Carlos Soltero",16545
625faf62825dee6254f055bf,154,"*Staples* vLetter Openers, 2/Pack","Carlos Soltero",16545
625faf62825dee6254f055c0,155,"Hon 4700 Series Mobuis� Mid-Back Task Chairs with Adjustable Arms","Nicole Hansen",16547
625faf62825dee6254f055c1,156,"BoxOffice By Design Rectangular and Half-Moon Meeting Room Tables","Nicole Hansen",16547
625faf62825dee6254f055c2,157,"Eldon Econocleat� Chair Mats for Low Pile Carpets","Beth Thompson",16706
625faf62825dee6254f055c3,158,"Prang Drawing Pencil Set","Beth Thompson",16706
625faf62825dee6254f055c4,159,T39m,"Beth Thompson",16706
625faf62825dee6254f055c5,160,"Xerox 1982","Nicole Hansen",16741
625faf62825dee6254f055c6,161,"Xerox 1924","Carlos Soltero",16932
625faf62825dee6254f055c7,162,"Turquoise Lead Holder with Pocket Clip","Carlos Soltero",16932
625faf62825dee6254f055c8,163,"Okidata ML395C Color Dot Matrix Printer","Dorothy Badders",17283
625faf62825dee6254f055c9,164,"Global Enterprise Series Seating High-Back Swivel/Tilt Chairs","Muhammed MacIntyre",17286
625faf62825dee6254f055ca,165,"Microsoft Internet Keyboard","Muhammed MacIntyre",17409
625faf62825dee6254f055cb,166,"Xerox 1982","Don Miller",17764
625faf62825dee6254f055cc,167,"Global Ergonomic Managers Chair","Sylvia Foulston",18080
625faf62825dee6254f055cd,168,"Office Star - Contemporary Task Swivel chair with 2-way adjustable arms, Plum","Becky Castell",18113
625faf62825dee6254f055ce,169,"Xerox 1971","Dorothy Wardle",18144
625faf62825dee6254f055cf,170,"Eldon Portable Mobile Manager","Dorothy Wardle",18144
625faf62825dee6254f055d0,171,Accessory6,"Dorothy Wardle",18144
625faf62825dee6254f055d1,172,"Durable Pressboard Binders","Ann Chong",18308
625faf62825dee6254f055d2,173,"Fellowes 17-key keypad for PS/2 interface","Ann Chong",18308
625faf62825dee6254f055d3,174,"StarTAC ST7762","Ann Chong",18308
625faf62825dee6254f055d4,175,Accessory21,"Clay Rozendal",18887
625faf62825dee6254f055d5,176,"Fellowes PB500 Electric Punch Plastic Comb Binding Machine with Manual Bind","Grant Carroll",19010
625faf62825dee6254f055d6,177,"Staples 6 Outlet Surge","Brendan Dodson",19078
625faf62825dee6254f055d7,178,"Recycled Eldon Regeneration Jumbo File","Carlos Daly",19138
625faf62825dee6254f055d8,179,"Verbatim DVD-R 4.7GB authoring disc","Alan Barnes",19655
625faf62825dee6254f055d9,180,"Canon P1-DHIII Palm Printing Calculator","Alan Barnes",19686
625faf62825dee6254f055da,181,"GBC Binding covers","Alan Barnes",19686
625faf62825dee6254f055db,182,"Newell 323","Nicole Hansen",20007
625faf62825dee6254f055dc,183,"Global Stack Chair without Arms, Black","Cari Schnelling",20071
625faf62825dee6254f055dd,184,"Speediset Carbonless Redi-Letter� 7"" x 8 1/2""","Chad Cunningham",20160
625faf62825dee6254f055de,185,"GBC Recycled Regency Composition Covers","Bryan Mills",20263
625faf62825dee6254f055df,186,Accessory29,"Bryan Mills",20263
625faf62825dee6254f055e0,187,"Newell 323","Adrian Hane",21285
625faf62825dee6254f055e1,188,"SANFORD Major Accent� Highlighters","Adrian Hane",21285
625faf62825dee6254f055e2,189,"Polycom ViaVideo� Desktop Video Communications Unit","Rick Reed",21383
625faf62825dee6254f055e3,190,"Dixon Ticonderoga Core-Lock Colored Pencils, 48-Color Set","Heather Kirkland",21607
625faf62825dee6254f055e4,191,Accessory24,"Fred Wasserman",21636
625faf62825dee6254f055e5,192,"Howard Miller 13-3/4"" Diameter Brushed Chrome Round Wall Clock","Becky Castell",21889
625faf62825dee6254f055e6,193,"Recycled Steel Personal File for Standard File Folders","Becky Castell",21889
625faf62825dee6254f055e7,194,"Eldon Expressions� Desk Accessory, Wood Pencil Holder, Oak","Beth Thompson",22151
625faf62825dee6254f055e8,195,Accessory39,"Claudia Miner",22342
625faf62825dee6254f055e9,196,"Bell Sonecor JB700 Caller ID","Jack Lebron",22469
625faf62825dee6254f055ea,197,"#10- 4 1/8"" x 9 1/2"" Security-Tint Envelopes","Alan Barnes",22501
625faf62825dee6254f055eb,198,"GBC Standard Plastic Binding Systems Combs","Carlos Soltero",22532
625faf62825dee6254f055ec,199,"Xerox 1930","Clay Rozendal",23264
625faf62825dee6254f055ed,200,"Avery 474","Clay Rozendal",23264
625faf62825dee6254f055ee,201,"Riverside Palais Royal Lawyers Bookcase, Royale Cherry Finish","Julia West",23488
625faf62825dee6254f055ef,202,"Hewlett-Packard Deskjet 6122 Color Inkjet Printer","Alan Barnes",23584
625faf62825dee6254f055f0,203,"IBM 80 Minute CD-R Spindle, 50/Pack","Joy Bell",24007
625faf62825dee6254f055f1,204,"Peel & Seel� Recycled Catalog Envelopes, Brown","Joy Bell",24007
625faf62825dee6254f055f2,205,"Avery 506","Joy Bell",24007
625faf62825dee6254f055f3,206,"Prang Drawing Pencil Set","Jack Lebron",24038
625faf62825dee6254f055f4,207,"TDK 4.7GB DVD+RW","Anthony Johnson",24097
625faf62825dee6254f055f5,208,"U.S. Robotics 56K Internet Call Modem","Anthony Johnson",24097
625faf62825dee6254f055f6,209,"Xerox 190","Anthony Johnson",24097
625faf62825dee6254f055f7,210,"Standard Line� �While You Were Out� Hardbound Telephone Message Book","Eugene Barchas",24128
625faf62825dee6254f055f8,211,"CF 888","Eugene Barchas",24128
625faf62825dee6254f055f9,212,"Hewlett-Packard Deskjet 6122 Color Inkjet Printer","Thomas Seio",24294
625faf62825dee6254f055fa,213,"Dana Halogen Swing-Arm Architect Lamp","Bryan Mills",24387
625faf62825dee6254f055fb,214,"SAFCO PlanMaster Heigh-Adjustable Drafting Table Base, 43w x 30d x 30-37h, Black","Bryan Mills",24387
625faf62825dee6254f055fc,215,"Lexmark Z25 Color Inkjet Printer","Eugene Barchas",24515
625faf62825dee6254f055fd,216,"Hon Multipurpose Stacking Arm Chairs","Sylvia Foulston",24743
625faf62825dee6254f055fe,217,"Hon Olson Stacker Stools","Sylvia Foulston",24743
625faf62825dee6254f055ff,218,"Executive Impressions 14"" Two-Color Numerals Wall Clock","Carl Ludwig",24871
625faf62825dee6254f05600,219,"12-1/2 Diameter Round Wall Clock","Julia West",25318
625faf62825dee6254f05601,220,"Epson DFX5000+ Dot Matrix Printer","Don Jones",25377
625faf62825dee6254f05602,221,"Fellowes Basic 104-Key Keyboard, Platinum","Mike Pelletier",25634
625faf62825dee6254f05603,222,"Recycled Interoffice Envelopes with String and Button Closure, 10 x 13","Mike Pelletier",25634
625faf62825dee6254f05604,223,"GBC Standard Therm-A-Bind Covers","Eugene Barchas",25733
625faf62825dee6254f05605,224,"80 Minute CD-R Spindle, 100/Pack - Staples","Ann Chong",25767
625faf62825dee6254f05606,225,"Xerox 1892","Ann Chong",25767
625faf62825dee6254f05607,226,"Staples Paper Clips","Charles McCrossin",26023
625faf62825dee6254f05608,227,"Metal Folding Chairs, Beige, 4/Carton","Annie Cyprus",26051
625faf62825dee6254f05609,228,"80 Minute Slim Jewel Case CD-R , 10/Pack - Staples","Annie Cyprus",26051
625faf62825dee6254f0560a,229,"Computer Printout Paper with Letter-Trim Perforations","Carlos Soltero",26116
625faf62825dee6254f0560b,230,"Bush Mission Pointe Library","Doug Bickford",26182
625faf62825dee6254f0560c,231,"Hon Olson Stacker Stools","Carlos Daly",26272
625faf62825dee6254f0560d,232,"Xerox 1929","Fred Wasserman",26370
625faf62825dee6254f0560e,233,"Home/Office Personal File Carts","Fred Wasserman",26370
625faf62825dee6254f0560f,234,"Avery 507","Sylvia Foulston",26499
625faf62825dee6254f05610,235,i470,"Michelle Lonsdale",26531
625faf62825dee6254f05611,236,"3M Organizer Strips","Sylvia Foulston",26567
625faf62825dee6254f05612,237,"Imation 3.5 IBM Diskettes, 10/Box","Sylvia Foulston",26567
625faf62825dee6254f05613,238,"GE 4 Foot Flourescent Tube, 40 Watt","Sylvia Foulston",26567
625faf62825dee6254f05614,239,"300 Series Non-Flip","Sylvia Foulston",26567
625faf62825dee6254f05615,240,"Executive Impressions 13"" Chairman Wall Clock","Charlotte Melton",26854
625faf62825dee6254f05616,241,"Micro Innovations 104 Keyboard","Barry French",27109
625faf62825dee6254f05617,242,"US Robotics 56K V.92 External Faxmodem","Heather Kirkland",27111
625faf62825dee6254f05618,243,"Fellowes Staxonsteel� Drawer Files","Heather Kirkland",27111
625faf62825dee6254f05619,244,Accessory39,"Heather Kirkland",27111
625faf62825dee6254f0561a,245,"Telescoping Adjustable Floor Lamp","Henry Goldwyn",27264
625faf62825dee6254f0561b,246,"Canon MP41DH Printing Calculator","Frank Price",27392
625faf62825dee6254f0561c,247,"Sauder Facets Collection Locker/File Cabinet, Sky Alder Finish","Jim Radford",27553
625faf62825dee6254f0561d,248,"VTech VT20-2481 2.4GHz Two-Line Phone System w/Answering Machine","Jim Radford",27553
625faf62825dee6254f0561e,249,"Memo Book, 100 Message Capacity, 5 3/8� x 11�","Ralph Knight",27555
625faf62825dee6254f0561f,250,"Belkin 6 Outlet Metallic Surge Strip","Delfina Latchford",27680
625faf62825dee6254f05620,251,"Xerox 21","Delfina Latchford",27680
625faf62825dee6254f05621,252,"GBC DocuBind TL200 Manual Binding Machine","Roy Skaria",27778
625faf62825dee6254f05622,253,"Sauder Forest Hills Library, Woodland Oak Finish","Roy Skaria",27778
625faf62825dee6254f05623,254,"Xerox 1940","Monica Federle",27909
625faf62825dee6254f05624,255,"Bagged Rubber Bands","Monica Federle",27909
625faf62825dee6254f05625,256,"Xerox 1897","Charles McCrossin",28003
625faf62825dee6254f05626,257,"Poly Designer Cover & Back","Don Miller",28035
625faf62825dee6254f05627,258,"Bionaire Personal Warm Mist Humidifier/Vaporizer","Jeremy Lonsdale",28135
625faf62825dee6254f05628,259,"Acme� 8"" Straight Scissors","Jeremy Lonsdale",28135
625faf62825dee6254f05629,260,"Heavy-Duty E-Z-D� Binders","Grant Carroll",28165
625faf62825dee6254f0562a,261,"Hammermill CopyPlus Copy Paper (20Lb. and 84 Bright)","Carl Ludwig",28289
625faf62825dee6254f0562b,262,"Deluxe Rollaway Locking File with Drawer","Carlos Daly",28486
625faf62825dee6254f0562c,263,252,"Ralph Knight",28675
625faf62825dee6254f0562d,264,6160,"Cindy Schnelling",28870
625faf62825dee6254f0562e,265,"Imation 3.5, DISKETTE 44766 HGHLD3.52HD/FM, 10/Pack","Claudia Miner",28871
625faf62825dee6254f0562f,266,"Prismacolor Color Pencil Set","Roy Skaria",29030
625faf62825dee6254f05630,267,"Wilson Jones DublLock� D-Ring Binders","Delfina Latchford",29095
625faf62825dee6254f05631,268,"Binder Posts","Edward Hooks",29287
625faf62825dee6254f05632,269,"Epson LQ-570e Dot Matrix Printer","Edward Hooks",29287
625faf62825dee6254f05633,270,"Atlantic Metals Mobile 3-Shelf Bookcases, Custom Colors","Don Miller",29510
625faf62825dee6254f05634,271,"Fellowes PB300 Plastic Comb Binding Machine","Grant Carroll",29795
625faf62825dee6254f05635,272,"Rush Hierlooms Collection Rich Wood Bookcases","Grant Carroll",29795
625faf62825dee6254f05636,273,"Avery 481","Brad Eason",29861
625faf62825dee6254f05637,274,"Sharp AL-1530CS Digital Copier","Charles McCrossin",30658
625faf62825dee6254f05638,275,"SAFCO Commercial Wire Shelving, Black","Charles McCrossin",30658
625faf62825dee6254f05639,276,"Avery Trapezoid Extra Heavy Duty 4"" Binders","Charles McCrossin",30947
625faf62825dee6254f0563a,277,"Self-Adhesive Address Labels for Typewriters by Universal","Charles McCrossin",30947
625faf62825dee6254f0563b,278,"StarTAC Series","Bryan Mills",31077
625faf62825dee6254f0563c,279,"Rediform Wirebound ""Phone Memo"" Message Book, 11 x 5-3/4","Monica Federle",31111
625faf62825dee6254f0563d,280,"Dana Halogen Swing-Arm Architect Lamp","Michelle Lonsdale",31169
625faf62825dee6254f0563e,281,"Global Comet� Stacking Armless Chair","Michelle Lonsdale",31270
625faf62825dee6254f0563f,282,"Hon 4070 Series Pagoda� Armless Upholstered Stacking Chairs","Michelle Lonsdale",31270
625faf62825dee6254f05640,283,"Fellowes Internet Keyboard, Platinum","Michelle Lonsdale",31270
625faf62825dee6254f05641,284,"Deluxe Rollaway Locking File with Drawer","Beth Thompson",31364
625faf62825dee6254f05642,285,"Luxo Economy Swing Arm Lamp","Cindy Schnelling",31393
625faf62825dee6254f05643,286,"*Staples* vLetter Openers, 2/Pack","Cindy Schnelling",31393
625faf62825dee6254f05644,287,"Staples 6 Outlet Surge","Nicole Hansen",31492
625faf62825dee6254f05645,288,"Acco Perma� 2700 Stacking Storage Drawers","Nicole Hansen",31492
625faf62825dee6254f05646,289,"Fellowes Stor/Drawer� Steel Plus� Storage Drawers","Nicole Hansen",31492
625faf62825dee6254f05647,290,"Honeywell Enviracaire Portable HEPA Air Cleaner for 17' x 22' Room","Cari Schnelling",31558
625faf62825dee6254f05648,291,"Verbatim DVD-RAM, 9.4GB, Rewritable, Type 1, DS, DataLife Plus","Cari Schnelling",31558
625faf62825dee6254f05649,292,"Lock-Up Easel 'Spel-Binder'","Roy Skaria",31618
625faf62825dee6254f0564a,293,"Adams Write n' Stick Phone Message Book, 11"" X 5 1/4"", 200 Messages","Susan Vittorini",31684
625faf62825dee6254f0564b,294,"Tenex File Box, Personal Filing Tote with Lid, Black","Susan Vittorini",31684
625faf62825dee6254f0564c,295,"Fellowes Black Plastic Comb Bindings","Sylvia Foulston",31781
625faf62825dee6254f0564d,296,"Assorted Color Push Pins","Sylvia Foulston",31781
625faf62825dee6254f0564e,297,"HP Office Paper (20Lb. and 87 Bright)","Chad Cunningham",32193
625faf62825dee6254f0564f,298,"Staples Vinyl Coated Paper Clips","Chad Cunningham",32193
625faf62825dee6254f05650,299,"Canon MP41DH Printing Calculator","Carlos Daly",32229
625faf62825dee6254f05651,300,"Newell 310","Carlos Daly",32229
625faf62825dee6254f05652,301,"Kensington 7 Outlet MasterPiece Power Center","Grant Carroll",32743
625faf62825dee6254f05653,302,"DAX Metal Frame, Desktop, Stepped-Edge","Julia West",32806
625faf62825dee6254f05654,303,"Bush Mission Pointe Library","Roy Skaria",33123
625faf62825dee6254f05655,304,Accessory21,"Cindy Schnelling",33159
625faf62825dee6254f05656,305,8860,"Don Jones",33186
625faf62825dee6254f05657,306,"Array� Memo Cubes","Beth Thompson",33377
625faf62825dee6254f05658,307,"Fiskars 8"" Scissors, 2/Pack","Beth Thompson",33377
625faf62825dee6254f05659,308,"12 Colored Short Pencils","Alan Barnes",33444
625faf62825dee6254f0565a,309,"Pizazz� Global Quick File�","Alan Barnes",33444
625faf62825dee6254f0565b,310,"Imation 5.2GB DVD-RAM","Carl Ludwig",33703
625faf62825dee6254f0565c,311,"Acco Perma� 2700 Stacking Storage Drawers","Carl Ludwig",33703
625faf62825dee6254f0565d,312,"Portable Personal File Box","Carl Ludwig",33703
625faf62825dee6254f0565e,313,"Snap-A-Way� Black Print Carbonless Speed Message, No Reply Area, Duplicate","Jamie Kunitz",33734
625faf62825dee6254f0565f,314,"Ibico Covers for Plastic or Wire Binding Elements","Heather Kirkland",33888
625faf62825dee6254f05660,315,"Hanging Personal Folder File","Heather Kirkland",33888
625faf62825dee6254f05661,316,"Tennsco Double-Tier Lockers","Heather Kirkland",33888
625faf62825dee6254f05662,317,"Wirebound Message Books, Four 2 3/4"" x 5"" Forms per Page, 600 Sets per Book","Doug Bickford",33894
625faf62825dee6254f05663,318,"Acme Design Line 8"" Stainless Steel Bent Scissors w/Champagne Handles, 3-1/8"" Cut","Doug Bickford",33894
625faf62825dee6254f05664,319,"Imation 3.5"", DISKETTE 44766 HGHLD3.52HD/FM, 10/Pack","Doug Bickford",33894
625faf62825dee6254f05665,320,"PC Concepts 116 Key Quantum 3000 Keyboard","Doug Bickford",33894
625faf62825dee6254f05666,321,"Epson Stylus 1520 Color Inkjet Printer","Carlos Daly",33922
625faf62825dee6254f05667,322,"Avery 494","Toby Braunhardt",34177
625faf62825dee6254f05668,323,"Self-Adhesive Address Labels for Typewriters by Universal","Toby Braunhardt",34177
625faf62825dee6254f05669,324,Accessory37,"Toby Braunhardt",34177
625faf62825dee6254f0566a,325,"Wilson Jones 14 Line Acrylic Coated Pressboard Data Binders","Cari Schnelling",34215
625faf62825dee6254f0566b,326,"Eureka Disposable Bags for Sanitaire� Vibra Groomer I� Upright Vac","Thomas Seio",34246
625faf62825dee6254f0566c,327,"AT&T 2230 Dual Handset Phone With Caller ID/Call Waiting","Thomas Seio",34246
625faf62825dee6254f0566d,328,"Peel & Seel� Recycled Catalog Envelopes, Brown","Thomas Seio",34246
625faf62825dee6254f0566e,329,"Cardinal Poly Pocket Divider Pockets for Ring Binders","Brendan Dodson",34631
625faf62825dee6254f0566f,330,"Canon PC1060 Personal Laser Copier","Brendan Dodson",34631
625faf62825dee6254f05670,331,"Sterling Rubber Bands by Alliance","Charlotte Melton",35047
625faf62825dee6254f05671,332,"Newell 312","Beth Thompson",35266
625faf62825dee6254f05672,333,"BoxOffice By Design Rectangular and Half-Moon Meeting Room Tables","Beth Thompson",35266
625faf62825dee6254f05673,334,"Imation 3.5"" DS/HD IBM Formatted Diskettes, 50/Pack","Eugene Barchas",35847
625faf62825dee6254f05674,335,"Avery Flip-Chart Easel Binder, Black","Michelle Lonsdale",36001
625faf62825dee6254f05675,336,"GBC Binding covers","Michelle Lonsdale",36001
625faf62825dee6254f05676,337,R280,"Grant Carroll",36134
625faf62825dee6254f05677,338,Accessory9,"Beth Paige",36135
625faf62825dee6254f05678,339,"U.S. Robotics 56K Internet Call Modem","Dorothy Wardle",36644
625faf62825dee6254f05679,340,"Tennsco Industrial Shelving","Muhammed MacIntyre",36646
625faf62825dee6254f0567a,341,"Staples Bulldog Clip","Charlotte Melton",36707
625faf62825dee6254f0567b,342,"Micro Innovations Micro 3000 Keyboard, Black","Muhammed MacIntyre",37253
625faf62825dee6254f0567c,343,"Fellowes Basic 104-Key Keyboard, Platinum","Claudia Miner",37541
625faf62825dee6254f0567d,344,"Xerox 1882","Claudia Miner",37541
625faf62825dee6254f0567e,345,"Carina Double Wide Media Storage Towers in Natural & Black","Claudia Miner",37541
625faf62825dee6254f0567f,346,"Portable Personal File Box","Brendan Dodson",37634
625faf62825dee6254f05680,347,"Acme Hot Forged Carbon Steel Scissors with Nickel-Plated Handles, 3 7/8"" Cut, 8""L","Dorothy Wardle",37793
625faf62825dee6254f05681,348,"Eldon Cleatmat� Chair Mats for Medium Pile Carpets","Mike Pelletier",37860
625faf62825dee6254f05682,349,"Xerox 4200 Series MultiUse Premium Copy Paper (20Lb. and 84 Bright)","Edward Hooks",38884
625faf62825dee6254f05683,350,"Hon 94000 Series Round Tables","Edward Hooks",38884
625faf62825dee6254f05684,351,"Deflect-o RollaMat Studded, Beveled Mat for Medium Pile Carpeting","Jamie Kunitz",39364
625faf62825dee6254f05685,352,"Fellowes PB500 Electric Punch Plastic Comb Binding Machine with Manual Bind","Jamie Kunitz",39364
625faf62825dee6254f05686,353,"Global High-Back Leather Tilter, Burgundy","Julia West",39457
625faf62825dee6254f05687,354,"Poly Designer Cover & Back","Jeremy Lonsdale",39683
625faf62825dee6254f05688,355,"Lifetime Advantage� Folding Chairs, 4/Carton","Jeremy Lonsdale",39683
625faf62825dee6254f05689,356,"DAX Contemporary Wood Frame with Silver Metal Mat, Desktop, 11 x 14 Size","Jeremy Lonsdale",39683
625faf62825dee6254f0568a,357,"Stockwell Push Pins","Jeremy Lonsdale",39683
625faf62825dee6254f0568b,358,"Imation 3.5"", DISKETTE 44766 HGHLD3.52HD/FM, 10/Pack","Cindy Schnelling",39846
625faf62825dee6254f0568c,359,8260,"Heather Kirkland",40036
625faf62825dee6254f0568d,360,3390,"Alan Barnes",40067
625faf62825dee6254f0568e,361,"Global Deluxe Stacking Chair, Gray","Hunter Glantz",40132
625faf62825dee6254f0568f,362,"Bevis 36 x 72 Conference Tables","Hunter Glantz",40132
625faf62825dee6254f05690,363,"Avery Flip-Chart Easel Binder, Black","Hunter Glantz",40132
625faf62825dee6254f05691,364,"Howard Miller 16"" Diameter Gallery Wall Clock","Julia West",40160
625faf62825dee6254f05692,365,"ACCOHIDE� 3-Ring Binder, Blue, 1""","Carlos Daly",40518
625faf62825dee6254f05693,366,"Global High-Back Leather Tilter, Burgundy","Barry French",40804
625faf62825dee6254f05694,367,"Wilson Jones Hanging View Binder, White, 1""","Susan Vittorini",40902
625faf62825dee6254f05695,368,"Boston 1730 StandUp Electric Pencil Sharpener","Carl Jackson",41063
625faf62825dee6254f05696,369,Accessory31,"Carl Jackson",41063
625faf62825dee6254f05697,370,Accessory8,"Carl Jackson",41063
625faf62825dee6254f05698,371,"Fellowes 17-key keypad for PS/2 interface","Alan Barnes",41153
625faf62825dee6254f05699,372,"Hanging Personal Folder File","Charlotte Melton",41184
625faf62825dee6254f0569a,373,"Ibico Covers for Plastic or Wire Binding Elements","Beth Thompson",41409
625faf62825dee6254f0569b,374,"Hoover Portapower� Portable Vacuum","Bryan Mills",41696
625faf62825dee6254f0569c,375,"Fellowes Command Center 5-outlet power strip","Alan Barnes",42209
625faf62825dee6254f0569d,376,"SAFCO Arco Folding Chair","Alan Barnes",42209
625faf62825dee6254f0569e,377,Accessory12,"Beth Paige",42561
625faf62825dee6254f0569f,378,"Global Leather Highback Executive Chair with Pneumatic Height Adjustment, Black","Mike Pelletier",42564
625faf62825dee6254f056a0,379,3390,"Delfina Latchford",42695
625faf62825dee6254f056a1,380,"GBC DocuBind TL300 Electric Binding System","Susan Vittorini",42981
625faf62825dee6254f056a2,381,"GBC Prepunched Paper, 19-Hole, for Binding Systems, 24-lb","Dorothy Wardle",43109
625faf62825dee6254f056a3,382,"Microsoft Internet Keyboard","Dorothy Wardle",43109
625faf62825dee6254f056a4,383,"TDK 4.7GB DVD-R","Dorothy Wardle",43109
625faf62825dee6254f056a5,384,"Xerox 1977","Susan Vittorini",43203
625faf62825dee6254f056a6,385,"DAX Solid Wood Frames","Jamie Kunitz",43236
625faf62825dee6254f056a7,386,"Honeywell Enviracaire� Portable Air Cleaner for up to 8 x 10 Room","Fred Wasserman",43267
625faf62825dee6254f056a8,387,"Belkin 8 Outlet SurgeMaster II Gold Surge Protector","Doug Bickford",43329
625faf62825dee6254f056a9,388,8260,"Fred Wasserman",43330
625faf62825dee6254f056aa,389,"Recycled Interoffice Envelopes with String and Button Closure, 10 x 13","Susan Vittorini",43364
625faf62825dee6254f056ab,390,"Multimedia Mailers","Doug Bickford",43392
625faf62825dee6254f056ac,391,"White Business Envelopes with Contemporary Seam, Recycled White Business Envelopes","Claudia Miner",43781
625faf62825dee6254f056ad,392,"Avery Trapezoid Ring Binder, 3"" Capacity, Black, 1040 sheets","Claudia Miner",43781
625faf62825dee6254f056ae,393,"DXL� Angle-View Binders with Locking Rings, Black","Frank Price",44071
625faf62825dee6254f056af,394,8260,"Frank Price",44071
625faf62825dee6254f056b0,395,"Newell� 3-Hole Punched Plastic Slotted Magazine Holders for Binders","Dorothy Wardle",44519
625faf62825dee6254f056b1,396,"Laser & Ink Jet Business Envelopes","Dorothy Wardle",44519
625faf62825dee6254f056b2,397,"Okidata ML390 Turbo Dot Matrix Printers","Dorothy Wardle",44519
625faf62825dee6254f056b3,398,"Eldon Regeneration Recycled Desk Accessories, Smoke","Allen Rosenblatt",44708
625faf62825dee6254f056b4,399,Accessory36,"Dorothy Wardle",44772
625faf62825dee6254f056b5,400,"Linden� 12"" Wall Clock With Oak Frame","Julia West",44839
625faf62825dee6254f056b6,401,2160i,"Ralph Knight",45217
625faf62825dee6254f056b7,402,"Global Deluxe High-Back Office Chair in Storm","Michelle Lonsdale",45440
625faf62825dee6254f056b8,403,"Howard Miller 16"" Diameter Gallery Wall Clock","Charlotte Melton",45766
625faf62825dee6254f056b9,404,"Canon MP100DHII Printing Calculator","Charlotte Melton",45766
625faf62825dee6254f056ba,405,Accessory21,"Allen Rosenblatt",45861
625faf62825dee6254f056bb,406,"Verbatim DVD-R 4.7GB authoring disc","Neola Schneider",45957
625faf62825dee6254f056bc,407,"Rediform Wirebound ""Phone Memo"" Message Book, 11 x 5-3/4","Neola Schneider",45957
625faf62825dee6254f056bd,408,"C-Line Cubicle Keepers Polyproplyene Holder w/Velcro� Back, 8-1/2x11, 25/Bx","Joy Bell",46912
625faf62825dee6254f056be,409,"Avery 51","Monica Federle",46980
625faf62825dee6254f056bf,410,"SANFORD Liquid Accent� Tank-Style Highlighters","Jamie Kunitz",47460
625faf62825dee6254f056c0,411,"Avery Poly Binder Pockets","Susan Vittorini",47462
625faf62825dee6254f056c1,412,"Dixon My First Ticonderoga Pencil, #2","Susan Vittorini",47462
625faf62825dee6254f056c2,413,"Acco� Hot Clips� Clips to Go","Susan Vittorini",47462
625faf62825dee6254f056c3,414,"Fiskars� Softgrip Scissors","Charles McCrossin",47620
625faf62825dee6254f056c4,415,"Elite 5"" Scissors","Cari Schnelling",47749
625faf62825dee6254f056c5,416,"Eldon Wave Desk Accessories","Doug Bickford",47873
625faf62825dee6254f056c6,417,"Avery 478","Don Miller",47943
625faf62825dee6254f056c7,418,"Boston 16701 Slimline Battery Pencil Sharpener","Don Miller",47943
625faf62825dee6254f056c8,419,"Xerox 1982","Fred Wasserman",48101
625faf62825dee6254f056c9,420,"Soundgear Copyboard Conference Phone, Optional Battery","Bryan Mills",48295
625faf62825dee6254f056ca,421,"Dot Matrix Printer Tape Reel Labels, White, 5000/Box","Carlos Daly",48839
625faf62825dee6254f056cb,422,"Euro Pro Shark Stick Mini Vacuum","Joy Bell",49154
625faf62825dee6254f056cc,423,"Panasonic KX-P1150 Dot Matrix Printer","Claudia Miner",49921
625faf62825dee6254f056cd,424,"Recycled Eldon Regeneration Jumbo File","Claudia Miner",49921
625faf62825dee6254f056ce,425,"Tenex Contemporary Contur Chairmats for Low and Medium Pile Carpet, Computer, 39"" x 49""","Beth Thompson",49952
625faf62825dee6254f056cf,426,"Avery 498","Allen Rosenblatt",50117
625faf62825dee6254f056d0,427,"Premium Transparent Presentation Covers by GBC","Beth Thompson",50278
625faf62825dee6254f056d1,428,"Barricks 18"" x 48"" Non-Folding Utility Table with Bottom Storage Shelf","Beth Thompson",50278
625faf62825dee6254f056d2,429,"GBC VeloBinder Electric Binding Machine","Susan Vittorini",50374
625faf62825dee6254f056d3,430,"Brown Kraft Recycled Envelopes","Sylvia Foulston",50565
625faf62825dee6254f056d4,431,"Acme� 8"" Straight Scissors","Joy Bell",50688
625faf62825dee6254f056d5,432,"Bell Sonecor JB700 Caller ID","Becky Castell",50754
625faf62825dee6254f056d6,433,A1228,"Carlos Daly",50914
625faf62825dee6254f056d7,434,"3M Polarizing Task Lamp with Clamp Arm, Light Gray","Cari Schnelling",51169
625faf62825dee6254f056d8,435,8290,"Jim Radford",51938
625faf62825dee6254f056d9,436,"Hewlett-Packard Deskjet 5550 Color Inkjet Printer","Allen Rosenblatt",51970
625faf62825dee6254f056da,437,"Fellowes Neat Ideas� Storage Cubes","Dorothy Badders",51971
625faf62825dee6254f056db,438,"Lesro Round Back Collection Coffee Table, End Table","Dorothy Badders",51971
625faf62825dee6254f056dc,439,"Avery 492","Mike Pelletier",52193
625faf62825dee6254f056dd,440,"Newell 343","Mike Pelletier",52193
625faf62825dee6254f056de,441,"Recycled Eldon Regeneration Jumbo File","Doug Bickford",52321
625faf62825dee6254f056df,442,"SAFCO PlanMaster Heigh-Adjustable Drafting Table Base, 43w x 30d x 30-37h, Black","Doug Bickford",52321
625faf62825dee6254f056e0,443,"Canon S750 Color Inkjet Printer","Susan Vittorini",52386
625faf62825dee6254f056e1,444,"Panasonic KP-310 Heavy-Duty Electric Pencil Sharpener","Andrew Gjertsen",52807
625faf62825dee6254f056e2,445,"AT&T Black Trimline Phone, Model 210","Muhammed MacIntyre",52929
625faf62825dee6254f056e3,446,"Newell 318","Muhammed MacIntyre",52929
625faf62825dee6254f056e4,447,"Staples Pen Style Liquid Stix; Assorted (yellow, pink, green, blue, orange), 5/Pack","Muhammed MacIntyre",52929
625faf62825dee6254f056e5,448,"Staples Vinyl Coated Paper Clips","Muhammed MacIntyre",52929
625faf62825dee6254f056e6,449,"3M Polarizing Task Lamp with Clamp Arm, Light Gray","Jim Radford",52964
625faf62825dee6254f056e7,450,"Avery 491","Bryan Davis",53156
625faf62825dee6254f056e8,451,"Fellowes Black Plastic Comb Bindings","Anthony Johnson",53511
625faf62825dee6254f056e9,452,"Eldon Expressions� Desk Accessory, Wood Pencil Holder, Oak","Anthony Johnson",53511
625faf62825dee6254f056ea,453,"O'Sullivan 3-Shelf Heavy-Duty Bookcases","Doug Bickford",53797
625faf62825dee6254f056eb,454,T18,"Carlos Daly",53990
625faf62825dee6254f056ec,455,"Sanyo 2.5 Cubic Foot Mid-Size Office Refrigerators","Don Miller",54083
625faf62825dee6254f056ed,456,"Honeywell Quietcare HEPA Air Cleaner","Don Jones",54274
625faf62825dee6254f056ee,457,"Staples Colored Bar Computer Paper","Chad Cunningham",54276
625faf62825dee6254f056ef,458,"Boston 16765 Mini Stand Up Battery Pencil Sharpener","Ralph Arnett",54528
625faf62825dee6254f056f0,459,"Staples Battery-Operated Desktop Pencil Sharpener","Ralph Arnett",54528
625faf62825dee6254f056f1,460,"Eldon� 200 Class� Desk Accessories","Nicole Hansen",54567
625faf62825dee6254f056f2,461,"Memorex 80 Minute CD-R, 30/Pack","Fred Wasserman",54628
625faf62825dee6254f056f3,462,"Global Leather and Oak Executive Chair, Black","Bryan Mills",55298
625faf62825dee6254f056f4,463,"Dual Level, Single-Width Filing Carts","Ralph Arnett",55363
625faf62825dee6254f056f5,464,"Fellowes Smart Design 104-Key Enhanced Keyboard, PS/2 Adapter, Platinum","Doug Bickford",55366
625faf62825dee6254f056f6,465,"Wilson Jones 1"" Hanging DublLock� Ring Binders","Eugene Barchas",55715
625faf62825dee6254f056f7,466,"Master Giant Foot� Doorstop, Safety Yellow","Brad Eason",55875
625faf62825dee6254f056f8,467,"Perma STOR-ALL� Hanging File Box, 13 1/8""W x 12 1/4""D x 10 1/2""H","Brad Eason",55875
625faf62825dee6254f056f9,468,"Epson DFX-8500 Dot Matrix Printer","Dorothy Wardle",56453
625faf62825dee6254f056fa,469,"Xerox 194","Ralph Knight",57127
625faf62825dee6254f056fb,470,"SouthWestern Bell FA970 Digital Answering Machine with Time/Day Stamp","Sylvia Foulston",57344
625faf62825dee6254f056fc,471,"Avery 493","Neola Schneider",57509
625faf62825dee6254f056fd,472,"Bevis Round Bullnose 29"" High Table Top","Neola Schneider",57509
625faf62825dee6254f056fe,473,"GBC Recycled Regency Composition Covers","Grant Carroll",57600
625faf62825dee6254f056ff,474,"Avery 506","Grant Carroll",57600
625faf62825dee6254f05700,475,"Xerox 197","Grant Carroll",57600
625faf62825dee6254f05701,476,"Eldon� Expressions� Wood Desk Accessories, Oak","Julia West",58055
625faf62825dee6254f05702,477,"Xerox 1935","Muhammed MacIntyre",58144
625faf62825dee6254f05703,478,"Peel & Stick Add-On Corner Pockets","Susan Vittorini",58150
625faf62825dee6254f05704,479,"Eureka The Boss� Cordless Rechargeable Stick Vac","Sylvia Foulston",58340
625faf62825dee6254f05705,480,"Eldon� Wave Desk Accessories","Doug Bickford",58368
625faf62825dee6254f05706,481,"Xerox 1905","Doug Bickford",58368
625faf62825dee6254f05707,482,"Fellowes Bankers Box� Staxonsteel� Drawer File/Stacking System","Doug Bickford",58368
625faf62825dee6254f05708,483,"Executive Impressions 13"" Clairmont Wall Clock","Dorothy Badders",58434
625faf62825dee6254f05709,484,"Global Leather and Oak Executive Chair, Black","Henry Goldwyn",58626
625faf62825dee6254f0570a,485,"Global Troy� Executive Leather Low-Back Tilter","Henry Goldwyn",58626
625faf62825dee6254f0570b,486,"Verbatim DVD-RAM, 9.4GB, Rewritable, Type 1, DS, DataLife Plus","Henry Goldwyn",58626
625faf62825dee6254f0570c,487,"Staples SlimLine Pencil Sharpener","Grant Carroll",58688
625faf62825dee6254f0570d,488,"Presstex Flexible Ring Binders","Chad Cunningham",59045
625faf62825dee6254f0570e,489,"Memorex 4.7GB DVD+RW, 3/Pack","Beth Thompson",59047
625faf62825dee6254f0570f,490,"Eldon Image Series Black Desk Accessories","Beth Thompson",59047
625faf62825dee6254f05710,491,"Avery 485","Andrew Gjertsen",59202
625faf62825dee6254f05711,492,"Dixon My First Ticonderoga Pencil, #2","Andrew Gjertsen",59202
625faf62825dee6254f05712,493,"Global Adaptabilities� Conference Tables","Sylvia Foulston",59207
625faf62825dee6254f05713,494,"Kensington 7 Outlet MasterPiece Power Center","Michelle Lonsdale",59234
625faf62825dee6254f05714,495,"Global Deluxe Stacking Chair, Gray","Michelle Lonsdale",59234
625faf62825dee6254f05715,496,"Xerox 1885","Cari Schnelling",59395
625faf62825dee6254f05716,497,"Avery 479","Henry Goldwyn",59558
625faf62825dee6254f05717,498,"AT&T Black Trimline Phone, Model 210","Edward Hooks",59585
625faf62825dee6254f05718,499,"Fellowes Twister Kit, Gray/Clear, 3/pkg","Brendan Dodson",59651
625faf62825dee6254f05719,500,"Eldon Pizzaz� Desk Accessories","Brendan Dodson",59651
625faf62825dee6254f0571a,501,"GBC Binding covers","Harold Engle",645
625faf62825dee6254f0571b,502,"Hewlett-Packard Deskjet 5550 Color Inkjet Printer","Roy French",769
625faf62825dee6254f0571c,503,"Talkabout T8367","Helen Abelman",773
625faf62825dee6254f0571d,504,"Logitech Access Keyboard","Guy Armstrong",1187
625faf62825dee6254f0571e,505,"Fellowes Strictly Business� Drawer File, Letter/Legal Size","Jennifer Braxton",2339
625faf62825dee6254f0571f,506,"Newell 336","Giulietta Baptist",3521
625faf62825dee6254f05720,507,"Conquest� 14 Commercial Heavy-Duty Upright Vacuum, Collection System, Accessory Kit","Jack Lebron",4007
625faf62825dee6254f05721,508,"Tennsco Snap-Together Open Shelving Units, Starter Sets and Add-On Units","Jack Lebron",4007
625faf62825dee6254f05722,509,"GBC DocuBind P100 Manual Binding Machine","Erica Bern",4416
625faf62825dee6254f05723,510,"Avery 497","Erica Bern",4454
625faf62825dee6254f05724,511,"SAFCO Folding Chair Trolley","Helen Abelman",5153
625faf62825dee6254f05725,512,"Manila Recycled Extra-Heavyweight Clasp Envelopes, 6"" x 9""","Guy Armstrong",5446
625faf62825dee6254f05726,513,"Verbatim DVD-RAM, 5.2GB, Rewritable, Type 1, DS","Helen Abelman",8131
625faf62825dee6254f05727,514,"Keytronic Designer 104- Key Black Keyboard","Christopher Schild",8994
625faf62825dee6254f05728,515,Accessory31,"Roy French",9027
625faf62825dee6254f05729,516,"Avanti 4.4 Cu. Ft. Refrigerator","Roy French",9216
625faf62825dee6254f0572a,517,"Bush Mission Pointe Library","Jennifer Braxton",9537
625faf62825dee6254f0572b,518,"Acco Pressboard Covers with Storage Hooks, 14 7/8"" x 11"", Dark Blue","Jennifer Braxton",9537
625faf62825dee6254f0572c,519,"Ibico Covers for Plastic or Wire Binding Elements","Joy Smith",9574
625faf62825dee6254f0572d,520,"Boston KS Multi-Size Manual Pencil Sharpener","Evan Minnotte",10435
625faf62825dee6254f0572e,521,"Hunt BOSTON� Vista� Battery-Operated Pencil Sharpener, Black","Evan Minnotte",10435
625faf62825dee6254f0572f,522,"Martin-Yale Premier Letter Opener","Jenna Caffey",10851
625faf62825dee6254f05730,523,"Recycled Premium Regency Composition Covers","Harold Engle",10852
625faf62825dee6254f05731,524,"Atlantic Metals Mobile 5-Shelf Bookcases, Custom Colors","Harold Engle",10852
625faf62825dee6254f05732,525,i1000,"Harold Engle",11269
625faf62825dee6254f05733,526,"Avery 493","Harold Engle",11269
625faf62825dee6254f05734,527,"Fellowes Super Stor/Drawer�","Harold Engle",11269
625faf62825dee6254f05735,528,"Rubbermaid ClusterMat Chairmats, Mat Size- 66"" x 60"", Lip 20"" x 11"" -90 Degree Angle","Hilary Holden",11362
625faf62825dee6254f05736,529,"*Staples* Letter Opener","Hilary Holden",11362
625faf62825dee6254f05737,530,"Canon PC1060 Personal Laser Copier","Hilary Holden",11362
625faf62825dee6254f05738,531,"LX 677","Hilary Holden",11362
625faf62825dee6254f05739,532,"Avery Hi-Liter� Fluorescent Desk Style Markers","Christopher Schild",11968
625faf62825dee6254f0573a,533,"#10- 4 1/8"" x 9 1/2"" Recycled Envelopes","Harold Engle",12293
625faf62825dee6254f0573b,534,"Acco Suede Grain Vinyl Round Ring Binder","Greg Guthrie",12773
625faf62825dee6254f0573c,535,"Eldon Image Series Black Desk Accessories","Greg Guthrie",12773
625faf62825dee6254f0573d,536,"Xerox 213","Greg Guthrie",12773
625faf62825dee6254f0573e,537,"Newell 342","Greg Guthrie",12773
625faf62825dee6254f0573f,538,"Staples #10 Laser & Inkjet Envelopes, 4 1/8"" x 9 1/2"", 100/Box","Guy Armstrong",12934
625faf62825dee6254f05740,539,"Newell 337","Guy Armstrong",12934
625faf62825dee6254f05741,540,"GBC Binding covers","Joy Smith",13120
625faf62825dee6254f05742,541,"GBC Standard Therm-A-Bind Covers","Joy Smith",13120
625faf62825dee6254f05743,542,"Micro Innovations Micro Digital Wireless Keyboard and Mouse, Gray","Erica Bern",13604
625faf62825dee6254f05744,543,"Eldon ClusterMat Chair Mat with Cordless Antistatic Protection","Erica Bern",13604
625faf62825dee6254f05745,544,"Xerox 1985","Dan Reichenbach",13927
625faf62825dee6254f05746,545,"Zoom V.92 V.44 PCI Internal Controllerless FaxModem","Erica Bern",15044
625faf62825dee6254f05747,546,"Global Leather and Oak Executive Chair, Black","Guy Armstrong",15139
625faf62825dee6254f05748,547,"Tennsco Lockers, Sand","Guy Armstrong",15139
625faf62825dee6254f05749,548,"Xerox 1920","Evan Minnotte",15463
625faf62825dee6254f0574a,549,"Xerox 1928","Joy Smith",15618
625faf62825dee6254f0574b,550,"Xerox 1939","Joy Smith",15618
625faf62825dee6254f0574c,551,"StarTAC 7760","Joy Smith",15618
625faf62825dee6254f0574d,552,"Magna Visual Magnetic Picture Hangers","Paul Gonzalez",16100
625faf62825dee6254f0574e,553,M3682,"Filia McAdams",16320
625faf62825dee6254f0574f,554,"Xerox 1978","Joy Smith",16419
625faf62825dee6254f05750,555,"Sauder Forest Hills Library, Woodland Oak Finish","Greg Guthrie",17090
625faf62825dee6254f05751,556,"Global High-Back Leather Tilter, Burgundy","Greg Guthrie",17090
625faf62825dee6254f05752,557,"Wirebound Message Book, 4 per Page","Joy Smith",17315
625faf62825dee6254f05753,558,"Memorex 4.7GB DVD+RW, 3/Pack","Joy Smith",17376
625faf62825dee6254f05754,559,"Hoover WindTunnel� Plus Canister Vacuum","Greg Guthrie",18210
625faf62825dee6254f05755,560,"Newell 335","Greg Guthrie",18210
625faf62825dee6254f05756,561,"Zoom V.92 USB External Faxmodem","Jack Lebron",18273
625faf62825dee6254f05757,562,"Telescoping Adjustable Floor Lamp","Joy Smith",18788
625faf62825dee6254f05758,563,"Wilson Jones Ledger-Size, Piano-Hinge Binder, 2"", Blue","Evan Minnotte",19042
625faf62825dee6254f05759,564,"Eldon Expressions Punched Metal & Wood Desk Accessories, Pewter & Cherry","Chuck Magee",19073
625faf62825dee6254f0575a,565,"Prang Drawing Pencil Set","Chuck Magee",19073
625faf62825dee6254f0575b,566,"Xerox 1992","Filia McAdams",19365
625faf62825dee6254f0575c,567,"TI 36X Solar Scientific Calculator","Jack Lebron",19617
625faf62825dee6254f0575d,568,"V 3600 Series","Jack Lebron",19617
625faf62825dee6254f0575e,569,"Sharp AL-1530CS Digital Copier","Jack Lebron",20033
625faf62825dee6254f0575f,570,"Hon 4-Shelf Metal Bookcases","Harold Engle",21223
625faf62825dee6254f05760,571,"Deflect-o EconoMat Nonstudded, No Bevel Mat","Harold Engle",21223
625faf62825dee6254f05761,572,"Lock-Up Easel 'Spel-Binder'","Jack Lebron",21378
625faf62825dee6254f05762,573,"U.S. Robotics 56K Internet Call Modem","Jack Lebron",21378
625faf62825dee6254f05763,574,"Boston 1730 StandUp Electric Pencil Sharpener","Frank Atkinson",21542
625faf62825dee6254f05764,575,"Bretford CR4500 Series Slim Rectangular Table","Frank Atkinson",21542
625faf62825dee6254f05765,576,"Euro Pro Shark Stick Mini Vacuum","Jack Lebron",22469
625faf62825dee6254f05766,577,"Hon 5100 Series Wood Tables","Jack Lebron",22469
625faf62825dee6254f05767,578,"Belkin ErgoBoard� Keyboard","Evan Minnotte",22656
625faf62825dee6254f05768,579,"Riverleaf Stik-Withit� Designer Note Cubes�","Joy Smith",22695
625faf62825dee6254f05769,580,"Coloredge Poster Frame","Dan Reichenbach",23076
625faf62825dee6254f0576a,581,8860,"Jack Lebron",24038
625faf62825dee6254f0576b,582,"Xerox 1920","Frank Atkinson",24067
625faf62825dee6254f0576c,583,252,"Frank Atkinson",24067
625faf62825dee6254f0576d,584,"Sharp 1540cs Digital Laser Copier","Erica Bern",24388
625faf62825dee6254f0576e,585,"Holmes Replacement Filter for HEPA Air Cleaner, Very Large Room, HEPA Filter","Jack Lebron",24451
625faf62825dee6254f0576f,586,"Wilson Jones Impact Binders","Filia McAdams",24806
625faf62825dee6254f05770,587,"GBC DocuBind 200 Manual Binding Machine","Jack Lebron",24965
625faf62825dee6254f05771,588,"Deflect-o SuperTray� Unbreakable Stackable Tray, Letter, Black","Jack Lebron",24965
625faf62825dee6254f05772,589,"Sanford Liquid Accent Highlighters","Giulietta Baptist",25154
625faf62825dee6254f05773,590,"Holmes Harmony HEPA Air Purifier for 17 x 20 Room","Joy Smith",25315
625faf62825dee6254f05774,591,"SANFORD Liquid Accent� Tank-Style Highlighters","Joy Smith",25315
625faf62825dee6254f05775,592,"Hon iLevel� Computer Training Table","Joy Smith",25315
625faf62825dee6254f05776,593,"Eldon� 200 Class� Desk Accessories, Burgundy","Greg Guthrie",25376
625faf62825dee6254f05777,594,"80 Minute CD-R Spindle, 100/Pack - Staples","Carlos Soltero",26240
625faf62825dee6254f05778,595,"3M Hangers With Command Adhesive","Carlos Soltero",26240
625faf62825dee6254f05779,596,"X-Rack� File for Hanging Folders","Harold Engle",26791
625faf62825dee6254f0577a,597,688,"Erica Bern",28836
625faf62825dee6254f0577b,598,"Ibico EB-19 Dual Function Manual Binding System","Erica Bern",28836
625faf62825dee6254f0577c,599,"IBM Multi-Purpose Copy Paper, 8 1/2 x 11"", Case","Hilary Holden",28995
625faf62825dee6254f0577d,600,"Southworth 25% Cotton Premium Laser Paper and Envelopes","Hilary Holden",28995
625faf62825dee6254f0577e,601,"Timeport L7089","Jack Lebron",29121
625faf62825dee6254f0577f,602,"Safco Contoured Stacking Chairs","Filia McAdams",29319
625faf62825dee6254f05780,603,"Canon PC-428 Personal Copier","Filia McAdams",29319
625faf62825dee6254f05781,604,"Staples Standard Envelopes","Greg Guthrie",29382
625faf62825dee6254f05782,605,"12-1/2 Diameter Round Wall Clock","Greg Guthrie",29382
625faf62825dee6254f05783,606,"Lexmark Z55se Color Inkjet Printer","Harold Engle",29445
625faf62825dee6254f05784,607,"Binder Clips by OIC","Philip Brown",29762
625faf62825dee6254f05785,608,"Avanti 4.4 Cu. Ft. Refrigerator","Helen Abelman",30048
625faf62825dee6254f05786,609,"Fellowes Smart Surge Ten-Outlet Protector, Platinum","Hilary Holden",30243
625faf62825dee6254f05787,610,"Canon PC-428 Personal Copier","Hilary Holden",30243
625faf62825dee6254f05788,611,"Aluminum Document Frame","Christopher Schild",30372
625faf62825dee6254f05789,612,"Wausau Papers Astrobrights� Colored Envelopes","Carlos Soltero",30499
625faf62825dee6254f0578a,613,"Newell 312","Carlos Soltero",30499
625faf62825dee6254f0578b,614,"Pressboard Covers with Storage Hooks, 9 1/2"" x 11"", Light Blue","Erica Bern",32199
625faf62825dee6254f0578c,615,"Canon imageCLASS 2200 Advanced Copier","Erica Bern",32199
625faf62825dee6254f0578d,616,"Newell 312","Erica Bern",32199
625faf62825dee6254f0578e,617,"Chromcraft Bull-Nose Wood 48"" x 96"" Rectangular Conference Tables","Erica Bern",32327
625faf62825dee6254f0578f,618,"Verbatim DVD-RAM, 9.4GB, Rewritable, Type 1, DS, DataLife Plus","Joy Smith",32676
625faf62825dee6254f05790,619,"KF 788","Joy Smith",32835
625faf62825dee6254f05791,620,"Imation Neon Mac Format Diskettes, 10/Pack","Christopher Schild",32869
625faf62825dee6254f05792,621,"Deflect-o EconoMat Nonstudded, No Bevel Mat","Christopher Schild",32869
625faf62825dee6254f05793,622,"Sanford Liquid Accent Highlighters","Christopher Schild",32869
625faf62825dee6254f05794,623,2180,"Christopher Schild",32869
625faf62825dee6254f05795,624,"Sharp AL-1530CS Digital Copier","Evan Minnotte",33763
625faf62825dee6254f05796,625,"Executive Impressions 14"" Contract Wall Clock","Christopher Schild",34048
625faf62825dee6254f05797,626,"*Staples* Highlighting Markers","Greg Guthrie",34275
625faf62825dee6254f05798,627,"Boston 19500 Mighty Mite Electric Pencil Sharpener","Harold Engle",34438
625faf62825dee6254f05799,628,"Xerox 1995","Philip Brown",34880
625faf62825dee6254f0579a,629,"Self-Adhesive Ring Binder Labels","Carlos Soltero",34978
625faf62825dee6254f0579b,630,"Catalog Binders with Expanding Posts","Jennifer Braxton",35141
625faf62825dee6254f0579c,631,"*Staples* Packaging Labels","Dan Reichenbach",35300
625faf62825dee6254f0579d,632,"Deflect-o EconoMat Studded, No Bevel Mat for Low Pile Carpeting","Dan Reichenbach",35300
625faf62825dee6254f0579e,633,"Recycled Desk Saver Line ""While You Were Out"" Book, 5 1/2"" X 4""","Dan Reichenbach",35300
625faf62825dee6254f0579f,634,"9-3/4 Diameter Round Wall Clock","Carlos Soltero",35558
625faf62825dee6254f057a0,635,"Logitech Cordless Elite Duo","Carlos Soltero",36293
625faf62825dee6254f057a1,636,"Xerox 220","Carlos Soltero",36293
625faf62825dee6254f057a2,637,"Logitech Cordless Elite Duo","Giulietta Baptist",36516
625faf62825dee6254f057a3,638,"Canon Image Class D660 Copier","Jack Lebron",36677
625faf62825dee6254f057a4,639,"12 Colored Short Pencils","Guy Armstrong",37185
625faf62825dee6254f057a5,640,"Avery Legal 4-Ring Binder","Hilary Holden",37888
625faf62825dee6254f057a6,641,"Hoover� Commercial Lightweight Upright Vacuum","Jack Lebron",38310
625faf62825dee6254f057a7,642,"Colored Envelopes","Erica Bern",40327
625faf62825dee6254f057a8,643,"Xerox 1953","Erica Bern",40327
625faf62825dee6254f057a9,644,"GBC DocuBind 200 Manual Binding Machine","Harold Engle",40480
625faf62825dee6254f057aa,645,"DAX Natural Wood-Tone Poster Frame","Harold Engle",40480
625faf62825dee6254f057ab,646,"Staples Standard Envelopes","Jim Sink",40800
625faf62825dee6254f057ac,647,"GBC Prepunched Paper, 19-Hole, for Binding Systems, 24-lb","Jennifer Braxton",40835
625faf62825dee6254f057ad,648,"Keytronic Designer 104- Key Black Keyboard","Jennifer Braxton",40835
625faf62825dee6254f057ae,649,"Recycled Eldon Regeneration Jumbo File","Jennifer Braxton",40835
625faf62825dee6254f057af,650,"GBC Standard Plastic Binding Systems Combs","Joy Smith",40871
625faf62825dee6254f057b0,651,"Office Star Flex Back Scooter Chair with White Frame","Joy Smith",40871
625faf62825dee6254f057b1,652,"Xerox 1941","Harold Engle",41570
625faf62825dee6254f057b2,653,"Global Deluxe Stacking Chair, Gray","Philip Brown",41991
625faf62825dee6254f057b3,654,"DAX Clear Channel Poster Frame","Philip Brown",41991
625faf62825dee6254f057b4,655,"Tenex B1-RE Series Chair Mats for Low Pile Carpets","Philip Brown",41991
625faf62825dee6254f057b5,656,"Belkin 105-Key Black Keyboard","Giulietta Baptist",42400
625faf62825dee6254f057b6,657,"Micro Innovations 104 Keyboard","Giulietta Baptist",42400
625faf62825dee6254f057b7,658,"GBC Imprintable Covers","Paul Gonzalez",42754
625faf62825dee6254f057b8,659,"GBC Laser Imprintable Binding System Covers, Desert Sand","Logan Haushalter",42918
625faf62825dee6254f057b9,660,"Sharp EL501VB Scientific Calculator, Battery Operated, 10-Digit Display, Hard Case","Logan Haushalter",42918
625faf62825dee6254f057ba,661,"Hon Multipurpose Stacking Arm Chairs","Filia McAdams",42944
625faf62825dee6254f057bb,662,"Executive Impressions 14""","Carlos Soltero",44037
625faf62825dee6254f057bc,663,Accessory2,"Carlos Soltero",44037
625faf62825dee6254f057bd,664,"Verbatim DVD-RAM, 5.2GB, Rewritable, Type 1, DS","Erica Bern",44387
625faf62825dee6254f057be,665,"Southworth 25% Cotton Antique Laid Paper & Envelopes","Erica Bern",44387
625faf62825dee6254f057bf,666,"Bevis 36 x 72 Conference Tables","Greg Guthrie",44576
625faf62825dee6254f057c0,667,"Xerox 1936","Dan Reichenbach",45601
625faf62825dee6254f057c1,668,"Eldon� 400 Class� Desk Accessories, Black Carbon","Jim Sink",45606
625faf62825dee6254f057c2,669,"Dixon My First Ticonderoga Pencil, #2","Jim Sink",45606
625faf62825dee6254f057c3,670,"Durable Pressboard Binders","Carlos Soltero",46119
625faf62825dee6254f057c4,671,"Adams Telephone Message Book w/Frequently-Called Numbers Space, 400 Messages per Book","Carlos Soltero",46119
625faf62825dee6254f057c5,672,"Bretford �Just In Time� Height-Adjustable Multi-Task Work Tables","Carlos Soltero",46119
625faf62825dee6254f057c6,673,"Array� Parchment Paper, Assorted Colors","Chuck Magee",46756
625faf62825dee6254f057c7,674,"Avery Durable Poly Binders","Philip Brown",47714
625faf62825dee6254f057c8,675,"Dana Swing-Arm Lamps","Hilary Holden",47846
625faf62825dee6254f057c9,676,"Rubbermaid ClusterMat Chairmats, Mat Size- 66"" x 60"", Lip 20"" x 11"" -90 Degree Angle","Hilary Holden",47846
625faf62825dee6254f057ca,677,"Tenex 46"" x 60"" Computer Anti-Static Chairmat, Rectangular Shaped","Hilary Holden",47846
625faf62825dee6254f057cb,678,"HP Office Paper (20Lb. and 87 Bright)","Hilary Holden",47846
625faf62825dee6254f057cc,679,"Bionaire Personal Warm Mist Humidifier/Vaporizer","Greg Guthrie",47876
625faf62825dee6254f057cd,680,270c,"Jennifer Braxton",48067
625faf62825dee6254f057ce,681,"T28 WORLD","Jennifer Braxton",48067
625faf62825dee6254f057cf,682,"#10-4 1/8"" x 9 1/2"" Premium Diagonal Seam Envelopes","Erica Bern",48199
625faf62825dee6254f057d0,683,"CF 888","Jim Sink",49029
625faf62825dee6254f057d1,684,"GBC Standard Therm-A-Bind Covers","Noah Childs",49216
625faf62825dee6254f057d2,685,"Epson LQ-570e Dot Matrix Printer","Noah Childs",49216
625faf62825dee6254f057d3,686,"Staples Premium Bright 1-Part Blank Computer Paper","Noah Childs",49216
625faf62825dee6254f057d4,687,"Okidata ML390 Turbo Dot Matrix Printers","Evan Minnotte",49990
625faf62825dee6254f057d5,688,"Hon Metal Bookcases, Black","Guy Armstrong",50081
625faf62825dee6254f057d6,689,"24 Capacity Maxi Data Binder Racks, Pearl","Guy Armstrong",50404
625faf62825dee6254f057d7,690,"Lesro Round Back Collection Coffee Table, End Table","Guy Armstrong",50404
625faf62825dee6254f057d8,691,"PC Concepts 116 Key Quantum 3000 Keyboard","Chuck Magee",50784
625faf62825dee6254f057d9,692,"Wilson Jones Ledger-Size, Piano-Hinge Binder, 2"", Blue","Greg Guthrie",50850
625faf62825dee6254f057da,693,"Bretford �Just In Time� Height-Adjustable Multi-Task Work Tables","Greg Guthrie",50850
625faf62825dee6254f057db,694,Accessory17,"Carlos Soltero",51075
625faf62825dee6254f057dc,695,"Telescoping Adjustable Floor Lamp","Greg Guthrie",51461
625faf62825dee6254f057dd,696,"Xerox 1898","Greg Guthrie",51558
625faf62825dee6254f057de,697,"Barricks Non-Folding Utility Table with Steel Legs, Laminate Tops","Greg Guthrie",51558
625faf62825dee6254f057df,698,"ACCOHIDE� Binder by Acco","Carlos Soltero",52130
625faf62825dee6254f057e0,699,"Eldon Executive Woodline II Cherry Finish Desk Accessories","Carlos Soltero",52130
625faf62825dee6254f057e1,700,"Belkin 8 Outlet Surge Protector","Greg Guthrie",52482
625faf62825dee6254f057e2,701,"Executive Impressions 14"" Contract Wall Clock","Greg Guthrie",52482
625faf62825dee6254f057e3,702,"Holmes Replacement Filter for HEPA Air Cleaner, Large Room","Christopher Schild",53410
625faf62825dee6254f057e4,703,"Bevis Steel Folding Chairs","Joy Smith",53477
625faf62825dee6254f057e5,704,"Global Leather and Oak Executive Chair, Black","Joy Smith",53477
625faf62825dee6254f057e6,705,"Snap-A-Way� Black Print Carbonless Ruled Speed Letter, Triplicate","Joy Smith",53477
625faf62825dee6254f057e7,706,"Fellowes Super Stor/Drawer� Files","Joy Smith",53477
625faf62825dee6254f057e8,707,"Logitech Cordless Navigator Duo","Joy Smith",53508
625faf62825dee6254f057e9,708,"Sharp EL500L Fraction Calculator","Joy Smith",53508
625faf62825dee6254f057ea,709,"White GlueTop Scratch Pads","Joy Smith",53508
625faf62825dee6254f057eb,710,"Fellowes Strictly Business� Drawer File, Letter/Legal Size","Guy Armstrong",53703
625faf62825dee6254f057ec,711,"Eureka Sanitaire � Multi-Pro Heavy-Duty Upright, Disposable Bags","Brian Moss",54115
625faf62825dee6254f057ed,712,"Cardinal Holdit Business Card Pockets","Brian Moss",54115
625faf62825dee6254f057ee,713,Accessory36,"Logan Haushalter",54437
625faf62825dee6254f057ef,714,T193,"Guy Armstrong",54501
625faf62825dee6254f057f0,715,"Sharp EL500L Fraction Calculator","Guy Armstrong",54501
625faf62825dee6254f057f1,716,"Tennsco Commercial Shelving","Guy Armstrong",54501
625faf62825dee6254f057f2,717,T39m,"Christopher Schild",54753
625faf62825dee6254f057f3,718,"Tennsco Industrial Shelving","Jim Sink",55138
625faf62825dee6254f057f4,719,"Office Star Flex Back Scooter Chair with Aluminum Finish Frame","Carlos Soltero",55271
625faf62825dee6254f057f5,720,"Colored Envelopes","Jennifer Braxton",55331
625faf62825dee6254f057f6,721,Accessory13,"Brian Moss",55618
625faf62825dee6254f057f7,722,"Xerox 197","Harold Engle",56645
625faf62825dee6254f057f8,723,"Bretford CR4500 Series Slim Rectangular Table","Harold Engle",56645
625faf62825dee6254f057f9,724,"Xerox 1976","Carlos Soltero",56803
625faf62825dee6254f057fa,725,"Hon 2090 �Pillow Soft� Series Mid Back Swivel/Tilt Chairs","Hilary Holden",57159
625faf62825dee6254f057fb,726,"Hammermill Color Copier Paper (28Lb. and 96 Bright)","Hilary Holden",57159
625faf62825dee6254f057fc,727,"GBC Prepunched Paper, 19-Hole, for Binding Systems, 24-lb","Logan Haushalter",57507
625faf62825dee6254f057fd,728,"Acme Design Line 8"" Stainless Steel Bent Scissors w/Champagne Handles, 3-1/8"" Cut","Guy Armstrong",57922
625faf62825dee6254f057fe,729,"Serrated Blade or Curved Handle Hand Letter Openers","Erica Bern",58117
625faf62825dee6254f057ff,730,"GE 48"" Fluorescent Tube, Cool White Energy Saver, 34 Watts, 30/Box","Logan Haushalter",58278
625faf62825dee6254f05800,731,Accessory4,"Logan Haushalter",58278
625faf62825dee6254f05801,732,"Hon GuestStacker Chair","Harold Engle",58502
625faf62825dee6254f05802,733,"Belkin ErgoBoard� Keyboard","Christopher Schild",58788
625faf62825dee6254f05803,734,"TOPS Money Receipt Book, Consecutively Numbered in Red,","Helen Abelman",58947
625faf62825dee6254f05804,735,"Xerox 1989","Helen Abelman",58947
625faf62825dee6254f05805,736,"GE 4 Foot Flourescent Tube, 40 Watt","Jack Lebron",59074
625faf62825dee6254f05806,737,"Bush Westfield Collection Bookcases, Fully Assembled","Jack Lebron",59233
625faf62825dee6254f05807,738,"Nu-Dell Leatherette Frames","Jack Lebron",59233
625faf62825dee6254f05808,739,"Micro Innovations Micro Digital Wireless Keyboard and Mouse, Gray","Giulietta Baptist",59425
625faf62825dee6254f05809,740,"Snap-A-Way� Black Print Carbonless Ruled Speed Letter, Triplicate","Giulietta Baptist",59425
625faf62825dee6254f0580a,741,"Xerox 1994","Jim Sink",59750
625faf62825dee6254f0580b,742,"Dixon Ticonderoga Core-Lock Colored Pencils","Julie Creighton",35
625faf62825dee6254f0580c,743,"CF 688","Julie Creighton",35
625faf62825dee6254f0580d,744,"Fellowes Staxonsteel� Drawer Files","Sanjit Chand",294
625faf62825dee6254f0580e,745,"Panasonic KP-350BK Electric Pencil Sharpener with Auto Stop","Matt Collins",450
625faf62825dee6254f0580f,746,"Hanging Personal Folder File","Matt Collins",450
625faf62825dee6254f05810,747,"Memorex 4.7GB DVD+RW, 3/Pack","Matt Collins",1028
625faf62825dee6254f05811,748,3285,"Matt Collins",1028
625faf62825dee6254f05812,749,"Wirebound Message Books, Four 2 3/4"" x 5"" Forms per Page, 600 Sets per Book","Justin Knight",1314
625faf62825dee6254f05813,750,"Office Star - Task Chair with Contemporary Loop Arms","Rob Haberlin",2279
625faf62825dee6254f05814,751,"Acco Perma� 3000 Stacking Storage Drawers","Rob Haberlin",2279
625faf62825dee6254f05815,752,"80 Minute CD-R Spindle, 100/Pack - Staples","Rob Haberlin",2465
625faf62825dee6254f05816,753,"Avery 479","Rob Haberlin",2530
625faf62825dee6254f05817,754,"Fellowes Bankers Box� Staxonsteel� Drawer File/Stacking System","Rob Haberlin",2883
625faf62825dee6254f05818,755,"Imation Printable White 80 Minute CD-R Spindle, 50/Pack","Christina Vanderzanden",3362
625faf62825dee6254f05819,756,"Eldon� Gobal File Keepers","Christina Vanderzanden",3362
625faf62825dee6254f0581a,757,"Kensington 7 Outlet MasterPiece� HOMEOFFICE Power Control Center","Matt Collins",5318
625faf62825dee6254f0581b,758,2160i,"Matt Collins",5318
625faf62825dee6254f0581c,759,"Sharp AL-1530CS Digital Copier","Sanjit Chand",5988
625faf62825dee6254f0581d,760,"Seth Thomas 13 1/2"" Wall Clock","Matt Collins",6115
625faf62825dee6254f0581e,761,"Tenex Carpeted, Granite-Look or Clear Contemporary Contour Shape Chair Mats","Justin Knight",6337
625faf62825dee6254f0581f,762,"Bretford Rectangular Conference Table Tops","Justin Knight",6337
625faf62825dee6254f05820,763,"Wirebound Voice Message Log Book","Rob Haberlin",6434
625faf62825dee6254f05821,764,"80 Minute CD-R Spindle, 100/Pack - Staples","Lena Cacioppo",7136
625faf62825dee6254f05822,765,"Avery 493","Lena Cacioppo",7136
625faf62825dee6254f05823,766,"O'Sullivan Manor Hill 2-Door Library in Brianna Oak","Kimberly Carter",7489
625faf62825dee6254f05824,767,"Novimex Swivel Fabric Task Chair","Gene Hale",7968
625faf62825dee6254f05825,768,"Imation Primaris 3.5"" 2HD Unformatted Diskettes, 10/Pack","Christina Vanderzanden",8227
625faf62825dee6254f05826,769,"Project Tote Personal File","Matt Collins",9123
625faf62825dee6254f05827,770,"3M Organizer Strips","Sally Knutson",9792
625faf62825dee6254f05828,771,"Imation 3.5"" DS-HD Macintosh Formatted Diskettes, 10/Pack","Kimberly Carter",9860
625faf62825dee6254f05829,772,"Sanford Colorific Colored Pencils, 12/Box","Christina Vanderzanden",10310
625faf62825dee6254f0582a,773,R380,"Christina Vanderzanden",10310
625faf62825dee6254f0582b,774,"Xerox 1899","Kimberly Carter",10369
625faf62825dee6254f0582c,775,"Imation IBM Formatted Diskettes, 100/Pack","Kimberly Carter",10369
625faf62825dee6254f0582d,776,"Barrel Sharpener","Rob Haberlin",10692
625faf62825dee6254f0582e,777,2160i,"Rob Haberlin",10692
625faf62825dee6254f0582f,778,A1228,"Rob Haberlin",10692
625faf62825dee6254f05830,779,"Gould Plastics 9-Pocket Panel Bin, 18-3/8w x 5-1/4d x 20-1/2h, Black","Justin Knight",11553
625faf62825dee6254f05831,780,"Bush Westfield Collection Bookcases, Dark Cherry Finish, Fully Assembled","Justin Knight",11553
625faf62825dee6254f05832,781,Accessory34,"Justin Knight",11553
625faf62825dee6254f05833,782,"Bagged Rubber Bands","Christina Vanderzanden",11776
625faf62825dee6254f05834,783,"Hammermill CopyPlus Copy Paper (20Lb. and 84 Bright)","Marina Lichtenstein",11782
625faf62825dee6254f05835,784,"Panasonic All Digital Answering System with Caller ID*, KX-TM150B","Marina Lichtenstein",11782
625faf62825dee6254f05836,785,"Wilson Jones� Four-Pocket Poly Binders","Justin Knight",12199
625faf62825dee6254f05837,786,"Dual Level, Single-Width Filing Carts","Justin Knight",12199
625faf62825dee6254f05838,787,"Economy Binders","Gene Hale",14275
625faf62825dee6254f05839,788,"Office Star - Mid Back Dual function Ergonomic High Back Chair with 2-Way Adjustable Arms","Gene Hale",14275
625faf62825dee6254f0583a,789,"X-Rack� File for Hanging Folders","Gene Hale",14535
625faf62825dee6254f0583b,790,"Verbatim DVD-RAM, 5.2GB, Rewritable, Type 1, DS","Rob Haberlin",15329
625faf62825dee6254f0583c,791,"Newell 323","Gene Hale",15621
625faf62825dee6254f0583d,792,"Eldon Portable Mobile Manager","Gene Hale",15621
625faf62825dee6254f0583e,793,"Avery Binder Labels","Michelle Arnett",17826
625faf62825dee6254f0583f,794,"Eldon Jumbo ProFile� Portable File Boxes Graphite/Black","Sally Knutson",17926
625faf62825dee6254f05840,795,"Master Giant Foot� Doorstop, Safety Yellow","Rob Haberlin",18247
625faf62825dee6254f05841,796,"Newell 315","Justin Knight",18471
625faf62825dee6254f05842,797,"Kleencut� Forged Office Shears by Acme United Corporation","Justin Knight",18471
625faf62825dee6254f05843,798,"Xerox 1983","Justin Knight",18471
625faf62825dee6254f05844,799,T61,"Lena Cacioppo",19813
625faf62825dee6254f05845,800,"Avery Poly Binder Pockets","Seth Vernon",20322
625faf62825dee6254f05846,801,"Bush Westfield Collection Bookcases, Fully Assembled","Seth Vernon",20322
625faf62825dee6254f05847,802,"Xerox 196","Seth Vernon",20322
625faf62825dee6254f05848,803,"Nu-Dell Leatherette Frames","Gene Hale",20422
625faf62825dee6254f05849,804,"Colored Envelopes","Luke Weiss",20448
625faf62825dee6254f0584a,805,"Pressboard Covers with Storage Hooks, 9 1/2"" x 11"", Light Blue","Justin Knight",21892
625faf62825dee6254f0584b,806,"Eldon Simplefile� Box Office�","Rob Haberlin",22980
625faf62825dee6254f0584c,807,6190,"Julie Creighton",23907
625faf62825dee6254f0584d,808,"Panasonic KX-P3200 Dot Matrix Printer","Sanjit Chand",24064
625faf62825dee6254f0584e,809,"Wilson Jones DublLock� D-Ring Binders","Justin Knight",24132
625faf62825dee6254f0584f,810,"Wilson Jones Hanging View Binder, White, 1""","Justin Knight",24132
625faf62825dee6254f05850,811,"Fellowes Basic 104-Key Keyboard, Platinum","Justin Knight",24132
625faf62825dee6254f05851,812,"Ibico Recycled Linen-Style Covers","Justin Knight",24132
625faf62825dee6254f05852,813,"Self-Adhesive Ring Binder Labels","Justin Knight",24132
625faf62825dee6254f05853,814,"Tenex File Box, Personal Filing Tote with Lid, Black","Justin Knight",24132
625faf62825dee6254f05854,815,"1726 Digital Answering Machine","Luke Weiss",24576
625faf62825dee6254f05855,816,"DAX Clear Channel Poster Frame","Luke Weiss",24576
625faf62825dee6254f05856,817,"80 Minute Slim Jewel Case CD-R , 10/Pack - Staples","Christina Vanderzanden",25248
625faf62825dee6254f05857,818,"Xerox 1891","Christina Vanderzanden",25248
625faf62825dee6254f05858,819,"Xerox 220","Lena Cacioppo",25475
625faf62825dee6254f05859,820,"Computer Printout Paper with Letter-Trim Perforations","Seth Vernon",26978
625faf62825dee6254f0585a,821,"Wausau Papers Astrobrights� Colored Envelopes","Sanjit Chand",27105
625faf62825dee6254f0585b,822,"Executive Impressions 8-1/2"" Career Panel/Partition Cubicle Clock","Sanjit Chand",27105
625faf62825dee6254f0585c,823,"Belkin MediaBoard 104- Keyboard","Julie Creighton",28068
625faf62825dee6254f0585d,824,"Executive Impressions 12"" Wall Clock","Sanjit Chand",28802
625faf62825dee6254f0585e,825,"Southworth 25% Cotton Antique Laid Paper & Envelopes","Sanjit Chand",28802
625faf62825dee6254f0585f,826,6185,"Sanjit Chand",28802
625faf62825dee6254f05860,827,"Eldon Spacemaker� Box, Quick-Snap Lid, Clear","Anthony Johnson",28839
625faf62825dee6254f05861,828,"Xerox 1995","Anthony Johnson",29252
625faf62825dee6254f05862,829,"Honeywell Quietcare HEPA Air Cleaner","Kimberly Carter",31941
625faf62825dee6254f05863,830,"Xerox 1993","Kimberly Carter",31941
625faf62825dee6254f05864,831,"Hon Deluxe Fabric Upholstered Stacking Chairs, Rounded Back","Marina Lichtenstein",32418
625faf62825dee6254f05865,832,"Strathmore #10 Envelopes, Ultimate White","Sanjit Chand",34241
625faf62825dee6254f05866,833,"Fellowes 8 Outlet Superior Workstation Surge Protector","Sally Knutson",34816
625faf62825dee6254f05867,834,"Tyvek Interoffice Envelopes, 9 1/2"" x 12 1/2"", 100/Box","Sally Knutson",34816
625faf62825dee6254f05868,835,"Fiskars� Softgrip Scissors","Luke Weiss",35011
625faf62825dee6254f05869,836,"Sanyo 2.5 Cubic Foot Mid-Size Office Refrigerators","Anthony Johnson",36068
625faf62825dee6254f0586a,837,Accessory20,"Michelle Arnett",36930
625faf62825dee6254f0586b,838,"Xerox 1971","Luke Weiss",37315
625faf62825dee6254f0586c,839,5165,"Luke Weiss",37315
625faf62825dee6254f0586d,840,"Lexmark Z54se Color Inkjet Printer","Luke Weiss",37925
625faf62825dee6254f0586e,841,"StarTAC 7760","Luke Weiss",37925
625faf62825dee6254f0586f,842,"Premier Elliptical Ring Binder, Black","Rob Haberlin",38021
625faf62825dee6254f05870,843,"Wilson Jones DublLock� D-Ring Binders","Julie Creighton",38336
625faf62825dee6254f05871,844,"Micro Innovations 104 Keyboard","Julie Creighton",38336
625faf62825dee6254f05872,845,"Eldon Expressions Punched Metal & Wood Desk Accessories, Pewter & Cherry","Justin Knight",38565
625faf62825dee6254f05873,846,"Eureka Disposable Bags for Sanitaire� Vibra Groomer I� Upright Vac","Sally Knutson",39783
625faf62825dee6254f05874,847,"GBC Standard Plastic Binding Systems Combs","Sally Knutson",39783
625faf62825dee6254f05875,848,"Avery 520","Sally Knutson",39783
625faf62825dee6254f05876,849,"Fellowes Premier Superior Surge Suppressor, 10-Outlet, With Phone and Remote","Michelle Arnett",42500
625faf62825dee6254f05877,850,"Cardinal Slant-D� Ring Binder, Heavy Gauge Vinyl","Michelle Arnett",42500
625faf62825dee6254f05878,851,"Fiskars� Softgrip Scissors","Julie Creighton",44162
625faf62825dee6254f05879,852,"TOPS Money Receipt Book, Consecutively Numbered in Red,","Sally Knutson",44256
625faf62825dee6254f0587a,853,"Xerox 226","Sally Knutson",44256
625faf62825dee6254f0587b,854,"Sanford 52201 APSCO Electric Pencil Sharpener","Sally Knutson",44256
625faf62825dee6254f0587c,855,"Laminate Occasional Tables","Sally Knutson",44320
625faf62825dee6254f0587d,856,"Round Ring Binders","Kimberly Carter",45377
625faf62825dee6254f0587e,857,"Durable Pressboard Binders","Rob Haberlin",47367
625faf62825dee6254f0587f,858,"Avery 52","Rob Haberlin",47367
625faf62825dee6254f05880,859,"Avery 492","Sally Knutson",47750
625faf62825dee6254f05881,860,"Executive Impressions 13"" Chairman Wall Clock","Sally Knutson",47750
625faf62825dee6254f05882,861,"Binder Posts","Marina Lichtenstein",48388
625faf62825dee6254f05883,862,"Avery 498","Christina DeMoss",49059
625faf62825dee6254f05884,863,"Xerox 1891","Christina DeMoss",49059
625faf62825dee6254f05885,864,"DIXON Oriole� Pencils","Luke Weiss",49510
625faf62825dee6254f05886,865,"Avery Durable Binders","Sally Knutson",49634
625faf62825dee6254f05887,866,"Avery 510","Michelle Arnett",50210
625faf62825dee6254f05888,867,"Super Bands, 12/Pack","Michelle Arnett",50210
625faf62825dee6254f05889,868,"iDEN i95","Sanjit Chand",50503
625faf62825dee6254f0588a,869,"Staples 6 Outlet Surge","Anthony Johnson",50816
625faf62825dee6254f0588b,870,"Lock-Up Easel 'Spel-Binder'","Anthony Johnson",50816
625faf62825dee6254f0588c,871,"Memorex 4.7GB DVD+R, 3/Pack","Anthony Johnson",50816
625faf62825dee6254f0588d,872,"3M Polarizing Task Lamp with Clamp Arm, Light Gray","Luke Weiss",51073
625faf62825dee6254f0588e,873,"Advantus Employee of the Month Certificate Frame, 11 x 13-1/2","Luke Weiss",51073
625faf62825dee6254f0588f,874,"Office Star Flex Back Scooter Chair with White Frame","Rob Haberlin",51584
625faf62825dee6254f05890,875,"Howard Miller 11-1/2"" Diameter Ridgewood Wall Clock","Monica Federle",51879
625faf62825dee6254f05891,876,"Southworth 25% Cotton Premium Laser Paper and Envelopes","Monica Federle",51879
625faf62825dee6254f05892,877,"Howard Miller 12-3/4 Diameter Accuwave DS � Wall Clock","Kimberly Carter",52288
625faf62825dee6254f05893,878,"Lock-Up Easel 'Spel-Binder'","Michelle Arnett",53190
625faf62825dee6254f05894,879,"StarTAC 7760","Michelle Arnett",53190
625faf62825dee6254f05895,880,"Seth Thomas 12"" Clock w/ Goldtone Case","Sanjit Chand",53536
625faf62825dee6254f05896,881,"Bevis Round Conference Room Tables and Bases","Sanjit Chand",53536
625faf62825dee6254f05897,882,"#10 Self-Seal White Envelopes","Marina Lichtenstein",53572
625faf62825dee6254f05898,883,"Xerox 1885","Joy Smith",53825
625faf62825dee6254f05899,884,"Fellowes Super Stor/Drawer� Files","Christina DeMoss",53863
625faf62825dee6254f0589a,885,"Advantus Push Pins, Aluminum Head","Monica Federle",54119
625faf62825dee6254f0589b,886,"Acco Perma� 2700 Stacking Storage Drawers","Monica Federle",54119
625faf62825dee6254f0589c,887,"Acco Pressboard Covers with Storage Hooks, 14 7/8"" x 11"", Dark Blue","Michelle Arnett",56224
625faf62825dee6254f0589d,888,"Bevis Steel Folding Chairs","Michelle Arnett",56224
625faf62825dee6254f0589e,889,"Staples Vinyl Coated Paper Clips, 800/Box","Michelle Arnett",56224
625faf62825dee6254f0589f,890,"Bevis 36 x 72 Conference Tables","Michelle Arnett",56224
625faf62825dee6254f058a0,891,"Telescoping Adjustable Floor Lamp","Michelle Arnett",56293
625faf62825dee6254f058a1,892,"Tenex Personal Self-Stacking Standard File Box, Black/Gray","Michelle Arnett",56293
625faf62825dee6254f058a2,893,"Advantus Push Pins, Aluminum Head","Sally Knutson",57959
625faf62825dee6254f058a3,894,"Micro Innovations Micro 3000 Keyboard, Black","Sally Knutson",57959
625faf62825dee6254f058a4,895,"LX 677","Christina DeMoss",58500
625faf62825dee6254f058a5,896,"Bush Westfield Collection Bookcases, Fully Assembled","Joy Smith",59584
625faf62825dee6254f058a6,897,"Canon MP41DH Printing Calculator","Joy Smith",59584
625faf62825dee6254f058a7,898,7160,"Sonia Sunley",261
625faf62825dee6254f058a8,899,"Belkin 8 Outlet SurgeMaster II Gold Surge Protector","Anthony O'Donnell",928
625faf62825dee6254f058a9,900,"DAX Clear Channel Poster Frame","Anthony O'Donnell",928
625faf62825dee6254f058aa,901,"Memorex 4.7GB DVD-RAM, 3/Pack","Emily Grady",1282
625faf62825dee6254f058ab,902,"Prang Drawing Pencil Set","Emily Grady",1282
625faf62825dee6254f058ac,903,"Euro Pro Shark Stick Mini Vacuum","Alex Avila",1856
625faf62825dee6254f058ad,904,M3682,"Alex Avila",1856
625faf62825dee6254f058ae,905,"StarTAC 6500","Alex Avila",1856
625faf62825dee6254f058af,906,"SAFCO Arco Folding Chair","Brian Moss",1925
625faf62825dee6254f058b0,907,"Eldon Advantage� Chair Mats for Low to Medium Pile Carpets","Emily Grady",2848
625faf62825dee6254f058b1,908,SC7868i,"Emily Grady",2848
625faf62825dee6254f058b2,909,"HP Office Recycled Paper (20Lb. and 87 Bright)","Anna Andreadi",5504
625faf62825dee6254f058b3,910,"KF 788","Anna Andreadi",5504
625faf62825dee6254f058b4,911,"Logitech Internet Navigator Keyboard","Emily Grady",8390
625faf62825dee6254f058b5,912,"ACCOHIDE� Binder by Acco","Barbara Fisher",8545
625faf62825dee6254f058b6,913,"O'Sullivan Elevations Bookcase, Cherry Finish","Barbara Fisher",8545
625faf62825dee6254f058b7,914,"Serrated Blade or Curved Handle Hand Letter Openers","Emily Grady",9573
625faf62825dee6254f058b8,915,"Tyvek � Top-Opening Peel & Seel Envelopes, Plain White","Kelly Williams",9892
625faf62825dee6254f058b9,916,"Keytronic 105-Key Spanish Keyboard","Sonia Sunley",10048
625faf62825dee6254f058ba,917,"*Staples* vLetter Openers, 2/Pack","Sonia Sunley",10048
625faf62825dee6254f058bb,918,"Hon 4700 Series Mobuis� Mid-Back Task Chairs with Adjustable Arms","Sonia Sunley",10144
625faf62825dee6254f058bc,919,"Office Star - Mid Back Dual function Ergonomic High Back Chair with 2-Way Adjustable Arms","Sonia Sunley",10144
625faf62825dee6254f058bd,920,"Global Adaptabilities� Conference Tables","Sonia Sunley",10144
625faf62825dee6254f058be,921,"Motorola SB4200 Cable Modem","Sonia Sunley",10432
625faf62825dee6254f058bf,922,"Acme Design Line 8"" Stainless Steel Bent Scissors w/Champagne Handles, 3-1/8"" Cut","Jocasta Rupert",10661
625faf62825dee6254f058c0,923,"Jet-Pak Recycled Peel 'N' Seal Padded Mailers","Sonia Sunley",12806
625faf62825dee6254f058c1,924,"Wilson Jones DublLock� D-Ring Binders","Kelly Williams",13158
625faf62825dee6254f058c2,925,"Strathmore Photo Mount Cards","Anna Andreadi",13507
625faf62825dee6254f058c3,926,"Xerox 1978","Rick Duston",14375
625faf62825dee6254f058c4,927,"GBC White Gloss Covers, Plain Front","Sonia Sunley",14627
625faf62825dee6254f058c5,928,"GBC DocuBind 200 Manual Binding Machine","Angele Hood",14852
625faf62825dee6254f058c6,929,"Self-Adhesive Address Labels for Typewriters by Universal","Sonia Sunley",16230
625faf62825dee6254f058c7,930,"O'Sullivan Elevations Bookcase, Cherry Finish","Sonia Sunley",16230
625faf62825dee6254f058c8,931,"Xerox 1891","Sonia Sunley",16230
625faf62825dee6254f058c9,932,"Fellowes Recycled Storage Drawers","Sonia Sunley",16230
625faf62825dee6254f058ca,933,"1.7 Cubic Foot Compact ""Cube"" Office Refrigerators","Sonia Sunley",19074
625faf62825dee6254f058cb,934,"DAX Contemporary Wood Frame with Silver Metal Mat, Desktop, 11 x 14 Size","Dennis Bolton",20194
625faf62825dee6254f058cc,935,"Newell 312","Stewart Carmichael",21024
625faf62825dee6254f058cd,936,"Avery 487","Dennis Bolton",21509
625faf62825dee6254f058ce,937,"Avery 487","Sonia Sunley",21856
625faf62825dee6254f058cf,938,"Serrated Blade or Curved Handle Hand Letter Openers","Sonia Sunley",21856
625faf62825dee6254f058d0,939,"Eureka Hand Vacuum, Bagless","Stewart Carmichael",22119
625faf62825dee6254f058d1,940,"Airmail Envelopes","Kelly Williams",22534
625faf62825dee6254f058d2,941,"Keytronic French Keyboard","Sonia Sunley",22629
625faf62825dee6254f058d3,942,"TDK 4.7GB DVD-R","Kelly Williams",23011
625faf62825dee6254f058d4,943,"Pressboard Covers with Storage Hooks, 9 1/2"" x 11"", Light Blue","Sonia Sunley",24070
625faf62825dee6254f058d5,944,"Hon Olson Stacker Stools","Sonia Sunley",24070
625faf62825dee6254f058d6,945,"Newell 314","Sonia Sunley",24070
625faf62825dee6254f058d7,946,"Global Ergonomic Managers Chair","Sonia Sunley",24737
625faf62825dee6254f058d8,947,"Xerox 1995","Sonia Sunley",24737
625faf62825dee6254f058d9,948,"Belkin 8 Outlet Surge Protector","Anna Andreadi",26373
625faf62825dee6254f058da,949,"Canon Image Class D660 Copier","Seth Vernon",26978
625faf62825dee6254f058db,950,"Xerox 1919","Seth Vernon",26978
625faf62825dee6254f058dc,951,"Eldon Jumbo ProFile� Portable File Boxes Graphite/Black","Seth Vernon",26978
625faf62825dee6254f058dd,952,Accessory27,"Alex Avila",27174
625faf62825dee6254f058de,953,"Berol Giant Pencil Sharpener","Sarah Foster",27876
625faf62825dee6254f058df,954,"Verbatim DVD-R 4.7GB authoring disc","Alex Avila",28582
625faf62825dee6254f058e0,955,"TOPS Money Receipt Book, Consecutively Numbered in Red,","Alex Avila",28582
625faf62825dee6254f058e1,956,"Xerox 227","Anna Andreadi",28868
625faf62825dee6254f058e2,957,"Sauder Forest Hills Library, Woodland Oak Finish","Angele Hood",29857
625faf62825dee6254f058e3,958,"GBC VeloBinder Electric Binding Machine","Sonia Sunley",29921
625faf62825dee6254f058e4,959,Accessory4,"Kelly Williams",30659
625faf62825dee6254f058e5,960,"Lesro Sheffield Collection Coffee Table, End Table, Center Table, Corner Table","Anna Andreadi",30660
625faf62825dee6254f058e6,961,"Adams Phone Message Book, Professional, 400 Message Capacity, 5 3/6� x 11�","Alex Avila",30883
625faf62825dee6254f058e7,962,"Microsoft Internet Keyboard","Jim Karlsson",32871
625faf62825dee6254f058e8,963,"Xerox 1962","Sonia Sunley",33600
625faf62825dee6254f058e9,964,636,"Alex Avila",33632
625faf62825dee6254f058ea,965,"Global Commerce� Series High-Back Swivel/Tilt Chairs","Lisa DeCherney",33665
625faf62825dee6254f058eb,966,"Wilson Jones Easy Flow II� Sheet Lifters","Barbara Fisher",34434
625faf62825dee6254f058ec,967,"Avery White Multi-Purpose Labels","Barbara Fisher",34434
625faf62825dee6254f058ed,968,Accessory25,"Barbara Fisher",34753
625faf62825dee6254f058ee,969,"Xerox 199","Lisa DeCherney",35364
625faf62825dee6254f058ef,970,"Bretford Rectangular Conference Table Tops","Lisa DeCherney",35364
625faf62825dee6254f058f0,971,"Bush Advantage Collection� Racetrack Conference Table","Lisa DeCherney",35364
625faf62825dee6254f058f1,972,"T28 WORLD","Lisa DeCherney",35364
625faf62825dee6254f058f2,973,"Hon Comfortask� Task/Swivel Chairs","Barbara Fisher",35812
625faf62825dee6254f058f3,974,"Fellowes 17-key keypad for PS/2 interface","Barbara Fisher",35812
625faf62825dee6254f058f4,975,"Xerox 1938","Barbara Fisher",35812
625faf62825dee6254f058f5,976,"Executive Impressions 12"" Wall Clock","Alex Avila",37063
625faf62825dee6254f058f6,977,"1726 Digital Answering Machine","Roy Skaria",37281
625faf62825dee6254f058f7,978,"Hon 4070 Series Pagoda� Armless Upholstered Stacking Chairs","Angele Hood",37798
625faf62825dee6254f058f8,979,"Rediform S.O.S. Phone Message Books","Seth Vernon",38017
625faf62825dee6254f058f9,980,"StarTAC 3000","Seth Vernon",38017
625faf62825dee6254f058fa,981,"Staples� General Use 3-Ring Binders","Sarah Foster",38272
625faf62825dee6254f058fb,982,"Adesso Programmable 142-Key Keyboard","Kelly Williams",39301
625faf62825dee6254f058fc,983,"ACCOHIDE� 3-Ring Binder, Blue, 1""","Dennis Bolton",39367
625faf62825dee6254f058fd,984,"Ampad #10 Peel & Seel� Holiday Envelopes","Dennis Bolton",39367
625faf62825dee6254f058fe,985,"Imation 3.5"" DS-HD Macintosh Formatted Diskettes, 10/Pack","Roy Skaria",39655
625faf62825dee6254f058ff,986,"Durable Pressboard Binders","Jim Karlsson",40803
625faf62825dee6254f05900,987,"Global Leather and Oak Executive Chair, Black","Jim Karlsson",40803
625faf62825dee6254f05901,988,"3M Organizer Strips","Barbara Fisher",40806
625faf62825dee6254f05902,989,"Xerox 1983","Anna Andreadi",43523
625faf62825dee6254f05903,990,"Advantus Map Pennant Flags and Round Head Tacks","Seth Vernon",44199
625faf62825dee6254f05904,991,"Office Star - Mid Back Dual function Ergonomic High Back Chair with 2-Way Adjustable Arms","Alex Avila",44231
625faf62825dee6254f05905,992,"Belkin 107-key enhanced keyboard, USB/PS/2 interface","Alex Avila",44231
625faf62825dee6254f05906,993,5185,"Alex Avila",44231
625faf62825dee6254f05907,994,"Hon Every-Day� Chair Series Swivel Task Chairs","Sonia Sunley",45573
625faf62825dee6254f05908,995,"Avery 494","Lisa DeCherney",45763
625faf62825dee6254f05909,996,"Xerox 1905","Dennis Bolton",48165
625faf62825dee6254f0590a,997,"Dana Halogen Swing-Arm Architect Lamp","Anthony O'Donnell",48197
625faf62825dee6254f0590b,998,"Maxell DVD-RAM Discs","Barbara Fisher",48484
625faf62825dee6254f0590c,999,"DAX Contemporary Wood Frame with Silver Metal Mat, Desktop, 11 x 14 Size","Barbara Fisher",48484
625faf62825dee6254f0590d,1000,"Computer Printout Paper with Letter-Trim Perforations","Barbara Fisher",48484
